time/total_timesteps,eval/mean_reward,train/n_updates,train/ent_coef_loss,train/learning_rate,train/actor_loss,eval/mean_ep_length,train/ent_coef,train/critic_loss,rollout/ep_len_mean,time/fps,time/episodes,rollout/ep_rew_mean,time/time_elapsed
1000,-81.14142,899,-1.1429824829101562,0.0001965450924118268,-71.5323257446289,707.8,0.8393356800079346,0.6348620653152466,,,,,
1685,,1584,-1.9552878141403198,0.0001965450924118268,-112.69190216064453,,0.7341538071632385,1.9973570108413696,421.25,71,4,-125.59898975,23
1930,,1829,-2.109161138534546,0.0001965450924118268,-120.6195068359375,,0.7013738751411438,103.68008422851562,241.25,72,8,-113.65433362499999,26
2000,-98.05381100000001,1899,-2.260894298553467,0.0001965450924118268,-123.0973129272461,60.0,0.692325234413147,5.5360493659973145,,,,,
2309,,2208,-2.274567127227783,0.0001965450924118268,-130.23992919921875,,0.6552347540855408,54.92826843261719,192.41666666666666,73,12,-113.13141733333332,31
2713,,2612,-2.4444310665130615,0.0001965450924118268,-132.10147094726562,,0.6119381785392761,20.17902374267578,169.5625,74,16,-113.44399824999999,36
3000,-117.49903520000001,2899,-2.693657875061035,0.0001965450924118268,-134.78465270996094,67.6,0.5823376774787903,20.57227897644043,,,,,
3075,,2974,-2.733393669128418,0.0001965450924118268,-130.7381591796875,,0.5746595859527588,34.66468048095703,153.75,74,20,-114.71472544999999,41
4000,-42.449512399999996,3899,-3.1202797889709473,0.0001965450924118268,-153.50692749023438,1600.0,0.49182942509651184,22.363876342773438,,,,,
5000,-69.351653,4899,-3.5646538734436035,0.0001965450924118268,-166.3748016357422,1600.0,0.412601113319397,24.970165252685547,,,,,
5016,,4915,-3.881148099899292,0.0001965450924118268,-169.66305541992188,,0.41138169169425964,17.43701171875,209.0,61,24,-114.60517395833331,81
6000,-48.0187138,5899,-4.271956443786621,0.0001965450924118268,-172.61984252929688,1600.0,0.34273019433021545,18.507568359375,,,,,
7000,-178.322313,6899,-5.0033745765686035,0.0001965450924118268,-174.54971313476562,1600.0,0.2838042378425598,16.836416244506836,,,,,
8000,-115.18191959999999,7899,-5.430325984954834,0.0001965450924118268,-166.13885498046875,119.6,0.23582881689071655,10.948123931884766,,,,,
9000,-125.9809746,8899,-4.424625396728516,0.0001965450924118268,-164.84373474121094,901.6,0.1985151469707489,14.58139419555664,,,,,
10000,-110.9812576,9899,-2.70702862739563,0.0001965450924118268,-160.25665283203125,102.2,0.1724139302968979,10.939872741699219,,,,,
10354,,10253,-4.197985649108887,0.0001965450924118268,-161.35479736328125,,0.16362908482551575,9.606463432312012,369.7857142857143,61,28,-118.22286853571427,169
10827,,10726,-3.4218013286590576,0.0001965450924118268,-149.293212890625,,0.1519060730934143,19.21070098876953,338.34375,61,32,-117.92395496875001,176
11000,-137.1552392,10899,-2.597539186477661,0.0001965450924118268,-141.55091857910156,210.2,0.1483728438615799,16.390522003173828,,,,,
11303,,11202,-3.273676872253418,0.0001965450924118268,-138.94691467285156,,0.14201125502586365,17.77353286743164,313.97222222222223,61,36,-118.15259972222222,183
11547,,11446,-3.097459554672241,0.0001965450924118268,-131.03282165527344,,0.13719409704208374,14.462973594665527,288.675,61,40,-117.71124582499999,186
11846,,11745,-2.936014413833618,0.0001965450924118268,-124.05287170410156,,0.1319260597229004,17.54160499572754,269.22727272727275,62,44,-117.28429752272724,190
12000,-127.688732,11899,-2.842815399169922,0.0001965450924118268,-125.93276977539062,107.2,0.1293729990720749,29.212848663330078,,,,,
13000,-97.97548839999999,12899,-2.004042625427246,0.0001965450924118268,-119.54736328125,1600.0,0.11672016978263855,14.381393432617188,,,,,
13943,,13842,-2.088520050048828,0.0001965450924118268,-111.56163787841797,,0.09858617931604385,11.042101860046387,290.4791666666667,61,48,-116.74352177083334,225
14000,-104.7008196,13899,-2.0773684978485107,0.0001965450924118268,-112.12409973144531,81.0,0.09756779670715332,8.634100914001465,,,,,
14230,,14129,-1.2463070154190063,0.0001965450924118268,-110.49842834472656,,0.09347186237573624,12.399356842041016,273.65384615384613,62,52,-116.00573211538462,229
14528,,14427,-2.276848316192627,0.0001965450924118268,-101.82823181152344,,0.08970526605844498,8.737773895263672,259.42857142857144,62,56,-115.13410791071429,232
15000,-97.7478472,14899,0.6462265253067017,0.0001965450924118268,-91.9366683959961,1600.0,0.08560235798358917,16.855125427246094,,,,,
15665,,15564,0.12857261300086975,0.0001965450924118268,-81.15869140625,,0.08248444646596909,9.493387222290039,261.0833333333333,61,60,-115.70380925000002,254
16000,-115.8486834,15899,-0.7846861481666565,0.0001965450924118268,-86.9764175415039,84.6,0.08201447874307632,8.142937660217285,,,,,
17000,-76.79411719999999,16899,-1.484275460243225,0.0001965450924118268,-79.97840881347656,1377.4,0.07222143560647964,7.252078056335449,,,,,
17707,,17606,-2.4890801906585693,0.0001965450924118268,-79.24969482421875,,0.0639648512005806,7.933525562286377,276.671875,62,64,-117.359699140625,284
18000,-70.1718976,17899,-0.41513776779174805,0.0001965450924118268,-72.49729919433594,1464.4,0.060978200286626816,7.519169807434082,,,,,
19000,-148.5119582,18899,-0.5036627650260925,0.0001965450924118268,-58.49008560180664,1305.8,0.0528515987098217,7.219665050506592,,,,,
20000,-110.98968299999999,19899,0.011104494333267212,0.0001965450924118268,-49.26933288574219,83.4,0.052347443997859955,6.1055097579956055,,,,,
20153,,20052,-0.32999029755592346,0.0001965450924118268,-48.397979736328125,,0.05180777236819267,6.604578018188477,296.36764705882354,61,68,-118.90672732352941,327
21000,-88.73646079999999,20899,0.6107850670814514,0.0001965450924118268,-35.84365463256836,432.4,0.04719862714409828,5.568758010864258,,,,,
21041,,20940,-0.2928917407989502,0.0001965450924118268,-38.0922966003418,,0.047171931713819504,6.017826080322266,292.2361111111111,61,72,-118.33300193055555,342
22000,-96.8391866,21899,-0.7706499099731445,0.0001965450924118268,-23.715736389160156,433.8,0.041917987167835236,6.814490795135498,,,,,
23000,-117.9284398,22899,-1.0407536029815674,0.0001965450924118268,-21.80411148071289,1316.2,0.03368992730975151,3.7053029537200928,,,,,
23880,,23779,-1.719660758972168,0.0001965450924118268,-19.380027770996094,,0.03003188967704773,16.723316192626953,314.2105263157895,61,76,-118.54651153947371,387
24000,-98.78270979999999,23899,-1.606744408607483,0.0001965450924118268,-18.087387084960938,718.8,0.029550768435001373,4.010558128356934,,,,,
25000,-98.49228659999999,24899,-0.950192928314209,0.0001965450924118268,-17.307371139526367,698.4,0.02785179205238819,2.610346794128418,,,,,
26000,-74.94179,25899,1.3461403846740723,0.0001965450924118268,-14.834896087646484,1600.0,0.029499072581529617,3.3648595809936523,,,,,
27000,-88.1878818,26899,-0.3430233895778656,0.0001965450924118268,-17.248401641845703,1600.0,0.028946129605174065,2.2063658237457275,,,,,
28000,-105.82866920000001,27899,-0.16956472396850586,0.0001965450924118268,-15.901796340942383,111.6,0.026723003014922142,2.6083388328552246,,,,,
28790,,28689,-1.279512643814087,0.0001965450924118268,-18.934017181396484,,0.02517705224454403,2.0590429306030273,359.875,60,80,-117.16850981249999,476
29000,-109.32946220000001,28899,1.8859541416168213,0.0001965450924118268,-16.22617530822754,1302.6,0.02471533976495266,4.358241081237793,,,,,
29191,,29090,-1.0794492959976196,0.0001965450924118268,-16.967304229736328,,0.0244747307151556,2.581368923187256,347.51190476190476,59,84,-116.68825126190478,488
30000,-115.27234660000002,29899,0.031241968274116516,0.0001965450924118268,-14.300580978393555,1009.8,0.023201273754239082,4.057541370391846,,,,,
31000,-115.7137516,30899,0.30279606580734253,0.0001965450924118268,-14.548806190490723,489.8,0.024104660376906395,2.1771626472473145,,,,,
31718,,31617,0.6927350759506226,0.0001965450924118268,-12.441396713256836,,0.025913553312420845,2.5407609939575195,360.4318181818182,59,88,-116.44087582954548,529
32000,-104.450948,31899,0.06636479496955872,0.0001965450924118268,-11.440760612487793,1169.4,0.026061544194817543,1.9622321128845215,,,,,
33000,-117.08193660000002,32899,0.43488210439682007,0.0001965450924118268,-9.535218238830566,457.4,0.024796195328235626,2.6631250381469727,,,,,
34000,-125.535288,33899,-0.8148088455200195,0.0001965450924118268,-5.5655837059021,505.2,0.025020834058523178,1.9866397380828857,,,,,
35000,-104.4462918,34899,-0.586510419845581,0.0001965450924118268,-5.036332130432129,767.8,0.02585454471409321,2.620771884918213,,,,,
35296,,35195,0.4545300304889679,0.0001965450924118268,-4.072343826293945,,0.025676075369119644,2.848691701889038,383.6521739130435,60,92,-116.0563915,588
36000,-79.47795160000001,35899,0.3712679445743561,0.0001965450924118268,-2.9465951919555664,1321.6,0.024845199659466743,1.981366753578186,,,,,
37000,-109.43703479999999,36899,-1.4742237329483032,0.0001965450924118268,-1.5582430362701416,1047.8,0.022276844829320908,1.6404629945755005,,,,,
38000,-125.9597996,37899,1.5380939245224,0.0001965450924118268,-0.42752397060394287,1325.0,0.019948644563555717,1.5627472400665283,,,,,
39000,-105.55340240000001,38899,-0.4395504295825958,0.0001965450924118268,0.2934618592262268,1297.0,0.019006649032235146,1.2940272092819214,,,,,
40000,-92.6564194,39899,-0.9820681810379028,0.0001965450924118268,-1.5050965547561646,1600.0,0.0187141764909029,1.0613237619400024,,,,,
40994,,40893,-0.5183954834938049,0.0001965450924118268,-1.525066614151001,,0.01883758045732975,1.658637285232544,427.0208333333333,59,96,-115.32787522916668,689
41000,-111.0602016,40899,-0.2769700288772583,0.0001965450924118268,-1.5308808088302612,97.0,0.01882820576429367,0.9929745197296143,,,,,
41463,,41362,0.82129967212677,0.0001965450924118268,-2.9225351810455322,,0.020054077729582787,1.0301752090454102,414.63,59,100,-115.58263054999999,695
42000,-102.58442639999998,41899,-0.7418515086174011,0.0001965450924118268,0.6570165157318115,473.0,0.021062888205051422,1.8492496013641357,,,,,
42929,,42828,0.11063161492347717,0.0001965450924118268,2.397791624069214,,0.02012118138372898,1.616679072380066,412.44,59,104,-115.37289685000002,716
43000,-100.91063299999999,42899,-2.0070443153381348,0.0001965450924118268,2.1384286880493164,1122.6,0.020144715905189514,2.2221052646636963,,,,,
44000,-134.8824794,43899,1.0192584991455078,0.0001965450924118268,5.597458362579346,1600.0,0.020480792969465256,1.369244933128357,,,,,
45000,-103.106013,44899,-0.7124807834625244,0.0001965450924118268,4.947832107543945,1600.0,0.018751394003629684,1.6325860023498535,,,,,
46000,-74.178341,45899,1.6072278022766113,0.0001965450924118268,6.227355003356934,1600.0,0.016478244215250015,1.468505620956421,,,,,
47000,-72.0711448,46899,-1.0195932388305664,0.0001965450924118268,5.977089881896973,1600.0,0.015547327697277069,1.0056118965148926,,,,,
48000,-55.3486956,47899,-0.3392176330089569,0.0001965450924118268,4.334542274475098,1600.0,0.015614490956068039,1.3317828178405762,,,,,
49000,-87.7665538,48899,-1.9498283863067627,0.0001965450924118268,4.146193504333496,1600.0,0.016506601125001907,1.243787169456482,,,,,
49329,,49228,-0.6143637299537659,0.0001965450924118268,3.854844093322754,,0.01592772826552391,0.8975880146026611,473.99,57,108,-114.3640424,861
50000,-105.365769,49899,0.4546000361442566,0.0001965450924118268,5.018683910369873,1600.0,0.01582096889615059,0.8667393326759338,,,,,
51000,-99.93432019999999,50899,0.0888301432132721,0.0001965450924118268,4.374335289001465,1600.0,0.015367865562438965,0.9832313656806946,,,,,
52000,-51.6975998,51899,-0.5434662103652954,0.0001965450924118268,4.635001182556152,1600.0,0.014484926126897335,0.9681679010391235,,,,,
53000,-110.11348860000001,52899,-0.6876339912414551,0.0001965450924118268,4.301714897155762,687.2,0.01381501741707325,0.8281422257423401,,,,,
54000,-63.61277319999999,53899,-0.830241322517395,0.0001965450924118268,6.397616386413574,1600.0,0.01241325493901968,0.8615305423736572,,,,,
54493,,54392,-0.4414116144180298,0.0001965450924118268,6.72367000579834,,0.011781912297010422,0.9656251668930054,521.84,56,112,-113.55421684000001,971
55000,-44.793777999999996,54899,-0.22268784046173096,0.0001965450924118268,6.703282833099365,1600.0,0.01154504157602787,0.6577754020690918,,,,,
56000,-118.89436880000001,55899,0.3332537114620209,0.0001965450924118268,6.726977348327637,749.4,0.011438032612204552,0.5830016732215881,,,,,
57000,-103.363752,56899,-0.7777258157730103,0.0001965450924118268,6.920594215393066,455.8,0.010762163437902927,0.9650036096572876,,,,,
57024,,56923,-0.678281307220459,0.0001965450924118268,7.387420654296875,,0.010732321999967098,0.6141126155853271,543.11,55,116,-114.25484272,1021
58000,-100.7942644,57899,0.18977120518684387,0.0001965450924118268,9.336544036865234,435.6,0.01127732265740633,0.8294982314109802,,,,,
59000,-100.6777234,58899,-0.2729482650756836,0.0001965450924118268,9.43380355834961,1326.0,0.011847912333905697,0.959678053855896,,,,,
59209,,59108,1.2128465175628662,0.0001965450924118268,10.289041519165039,,0.01175239309668541,1.0946333408355713,561.34,55,120,-113.84337805999998,1059
60000,-94.9048382,59899,-2.3649706840515137,0.0001965450924118268,8.685938835144043,1600.0,0.011286004446446896,1.1101715564727783,,,,,
61000,-68.42367039999999,60899,-2.2501072883605957,0.0001965450924118268,8.533306121826172,918.4,0.010511649772524834,0.7415705323219299,,,,,
62000,-75.3486288,61899,0.6654489636421204,0.0001965450924118268,9.198160171508789,1313.0,0.00979566015303135,1.3350285291671753,,,,,
63000,-44.2449786,62899,2.655308246612549,0.0001965450924118268,8.932945251464844,1600.0,0.009411243721842766,0.8127412796020508,,,,,
64000,5.8127272,63899,-1.901654839515686,0.0001965450924118268,8.149209022521973,1600.0,0.009225860238075256,0.9917826652526855,,,,,
64195,,64094,-0.40026015043258667,0.0001965450924118268,9.777355194091797,,0.009287310764193535,0.9417370557785034,591.79,55,124,-111.80913686,1165
65000,-73.62720440000001,64899,1.0251858234405518,0.0001965450924118268,8.435508728027344,1299.2,0.00898918230086565,0.8043738603591919,,,,,
66000,-85.599121,65899,0.1836303472518921,0.0001965450924118268,10.475370407104492,1009.2,0.008497900329530239,0.4846123158931732,,,,,
67000,-86.0755052,66899,1.1452627182006836,0.0001965450924118268,10.136771202087402,1600.0,0.008379423059523106,0.49945521354675293,,,,,
68000,-88.8419898,67899,-0.022695600986480713,0.0001965450924118268,9.510871887207031,1085.6,0.00828488077968359,0.4960837960243225,,,,,
69000,-88.4770822,68899,1.989689588546753,0.0001965450924118268,10.052335739135742,806.6,0.00843182485550642,0.5717940330505371,,,,,
70000,-90.1123906,69899,-0.3839402496814728,0.0001965450924118268,9.251277923583984,1600.0,0.008687694557011127,0.3985644280910492,,,,,
70520,,70419,-0.9384061098098755,0.0001965450924118268,8.540549278259277,,0.008930633775889874,0.4117576479911804,601.66,54,128,-108.81410151,1293
71000,-131.24772080000002,70899,-1.803537130355835,0.0001965450924118268,7.947763442993164,1118.2,0.009186562150716782,0.6606300473213196,,,,,
72000,-93.6228636,71899,-1.3567218780517578,0.0001965450924118268,7.369934558868408,1600.0,0.010247061029076576,0.5293278694152832,,,,,
72747,,72646,1.7062346935272217,0.0001965450924118268,7.408658027648926,,0.01051928661763668,0.4353867769241333,619.2,54,132,-108.10779645000001,1337
73000,-85.61603640000001,72899,-1.1970294713974,0.0001965450924118268,7.426690101623535,266.0,0.010624573566019535,0.5487109422683716,,,,,
73760,,73659,0.9437355995178223,0.0001965450924118268,8.836565971374512,,0.010678029619157314,0.8284398317337036,624.57,54,136,-107.31616752,1353
74000,-36.6923122,73899,0.48952406644821167,0.0001965450924118268,8.746320724487305,1058.8,0.010773889720439911,0.7393768429756165,,,,,
75000,-73.8801268,74899,-0.7133148908615112,0.0001965450924118268,8.844305038452148,1600.0,0.010166111402213573,1.2933512926101685,,,,,
76000,-53.9897826,75899,-0.33089351654052734,0.0001965450924118268,8.907102584838867,1600.0,0.008936073631048203,0.9075769186019897,,,,,
77000,-57.55486659999999,76899,-1.0053428411483765,0.0001965450924118268,8.88012981414795,1600.0,0.008711372502148151,0.8833786249160767,,,,,
77713,,77612,0.41635364294052124,0.0001965450924118268,8.584184646606445,,0.008512390777468681,0.8818516731262207,661.66,54,140,-105.21777423999997,1438
78000,-57.4976934,77899,2.2007594108581543,0.0001965450924118268,10.755958557128906,1426.0,0.00857706367969513,1.2435834407806396,,,,,
79000,-128.861377,78899,0.29625844955444336,0.0001965450924118268,9.02502727508545,148.8,0.008410975337028503,1.19278085231781,,,,,
79865,,79764,0.8608965873718262,0.0001965450924118268,8.738828659057617,,0.008270284160971642,0.7445452213287354,680.19,54,144,-106.00618216999999,1476
80000,-107.64689080000001,79899,-0.26838308572769165,0.0001965450924118268,8.135080337524414,437.8,0.008135809563100338,1.0910758972167969,,,,,
81000,-80.31575240000001,80899,0.12273681163787842,0.0001965450924118268,7.757893085479736,1404.4,0.007390482351183891,0.6314727663993835,,,,,
82000,-70.0888104,81899,-0.28961753845214844,0.0001965450924118268,7.754961013793945,786.2,0.006835241802036762,0.9442598819732666,,,,,
83000,-62.50701840000001,82899,0.6457378268241882,0.0001965450924118268,6.859196662902832,1600.0,0.007176913321018219,0.5228416919708252,,,,,
84000,-12.833226199999999,83899,-0.017871350049972534,0.0001965450924118268,8.357017517089844,1600.0,0.007393982261419296,0.5502974390983582,,,,,
84821,,84720,-0.892075777053833,0.0001965450924118268,7.119015693664551,,0.00694448035210371,0.46086323261260986,708.78,54,148,-103.40998927999999,1568
85000,-32.5645038,84899,-0.7675420045852661,0.0001965450924118268,7.591398239135742,1600.0,0.006874855607748032,0.4585612416267395,,,,,
86000,-46.62404239999999,85899,-0.4644621014595032,0.0001965450924118268,7.492429733276367,1003.0,0.006469761487096548,0.8738675117492676,,,,,
87000,-17.8016822,86899,-0.44299042224884033,0.0001965450924118268,7.487518310546875,1452.0,0.006394980940967798,0.38742899894714355,,,,,
88000,-80.04208299999999,87899,-0.6238701343536377,0.0001965450924118268,6.624239444732666,788.2,0.006710471585392952,0.687150239944458,,,,,
89000,-98.6293876,88899,1.210321307182312,0.0001965450924118268,8.311732292175293,82.2,0.007163903210312128,0.495451420545578,,,,,
90000,-90.98367699999999,89899,0.18011225759983063,0.0001965450924118268,7.759058952331543,1200.8,0.007272646296769381,0.6373154520988464,,,,,
90906,,90805,-0.2910313010215759,0.0001965450924118268,7.813910484313965,,0.006769336294382811,0.6473805904388428,766.76,54,152,-99.88726917,1669
91000,-20.129216800000002,90899,0.17196083068847656,0.0001965450924118268,8.263976097106934,1600.0,0.006697512231767178,0.9324367046356201,,,,,
92000,-82.9954192,91899,-2.090444564819336,0.0001965450924118268,6.322314262390137,1027.0,0.006232661195099354,0.316772997379303,,,,,
93000,-62.42445680000001,92899,0.9186105132102966,0.0001965450924118268,6.164718151092529,1600.0,0.006092318333685398,0.3960360586643219,,,,,
94000,-93.40642840000001,93899,-1.2381134033203125,0.0001965450924118268,5.989603042602539,707.6,0.005926685407757759,0.46109244227409363,,,,,
95000,-69.4686088,94899,-0.511017918586731,0.0001965450924118268,5.592994689941406,1600.0,0.006239851471036673,0.44334083795547485,,,,,
95454,,95353,0.35812434554100037,0.0001965450924118268,4.7392048835754395,,0.006391085218638182,0.501214861869812,809.26,54,156,-98.64714664000002,1753
96000,-73.84073000000001,95899,2.8041515350341797,0.0001965450924118268,4.814621448516846,1070.6,0.006782314740121365,0.47871965169906616,,,,,
97000,-70.4785072,96899,-1.2794183492660522,0.0001965450924118268,3.941957950592041,1300.6,0.007510263007134199,0.3643385171890259,,,,,
98000,-101.080623,97899,2.2894554138183594,0.0001965450924118268,2.9589967727661133,698.4,0.007935607805848122,0.6629129648208618,,,,,
99000,-61.363016,98899,-1.364103078842163,0.0001965450924118268,2.6769375801086426,1600.0,0.007679449860006571,0.4099424481391907,,,,,
100000,-57.951612,99899,0.3974534869194031,0.0001965450924118268,3.2033700942993164,1314.0,0.007477959617972374,0.6484904289245605,,,,,
100715,,100614,-0.1383417844772339,0.0001965450924118268,3.4019689559936523,,0.00725680822506547,0.3863772451877594,850.5,54,160,-95.14114509000001,1857
101000,-80.06116080000001,100899,-0.2900558412075043,0.0001965450924118268,2.846271514892578,1600.0,0.007099573966115713,0.6517781019210815,,,,,
102000,-80.3106436,101899,-0.6779503226280212,0.0001965450924118268,3.6580162048339844,899.6,0.006597963627427816,0.4134175181388855,,,,,
103000,-80.126124,102899,-0.91898512840271,0.0001965450924118268,4.618101119995117,999.0,0.006821995601058006,0.6386790871620178,,,,,
104000,-31.687925800000006,103899,0.9762654304504395,0.0001965450924118268,3.1031031608581543,913.4,0.006704874336719513,0.4623029828071594,,,,,
104996,,104895,1.1754595041275024,0.0001965450924118268,3.404785633087158,,0.0069167958572506905,0.45050185918807983,872.89,54,164,-90.60752149,1928
105000,-81.74958500000001,104899,2.5006375312805176,0.0001965450924118268,4.380906581878662,222.0,0.006915942300111055,0.40911850333213806,,,,,
106000,139.1010076,105899,-0.39521175622940063,0.0001965450924118268,4.464038848876953,1253.4,0.006741408258676529,0.5596231818199158,,,,,
107000,-64.61625719999999,106899,-0.2164486050605774,0.0001965450924118268,4.350564002990723,1331.6,0.006044705864042044,0.3289259076118469,,,,,
108000,-7.105566400000001,107899,-0.7063647508621216,0.0001965450924118268,5.359496116638184,1437.6,0.0059335906989872456,0.5178362727165222,,,,,
109000,85.3372926,108899,-1.902620553970337,0.0001965450924118268,4.1916608810424805,1225.6,0.005838677752763033,0.20903635025024414,,,,,
110000,126.73841440000001,109899,-1.2391033172607422,0.0001965450924118268,4.8186354637146,1600.0,0.0057497392408549786,0.42866504192352295,,,,,
110397,,110296,-1.5731298923492432,0.0001965450924118268,4.400547981262207,,0.00569886015728116,0.4513571262359619,902.44,54,168,-81.80044559,2025
111000,38.7619184,110899,0.7481050491333008,0.0001965450924118268,5.151042938232422,1198.8,0.005595484748482704,0.5322622060775757,,,,,
112000,68.6329732,111899,-0.3314705491065979,0.0001965450924118268,5.609345436096191,1461.4,0.0056796991266310215,0.34791749715805054,,,,,
113000,6.533355999999995,112899,-0.6561319828033447,0.0001965450924118268,4.105669021606445,766.2,0.005662792362272739,0.3572579026222229,,,,,
114000,-33.8025062,113899,-0.9265958070755005,0.0001965450924118268,4.442403316497803,651.2,0.005560182500630617,0.568088948726654,,,,,
114796,,114695,-0.9801816940307617,0.0001965450924118268,5.438424587249756,,0.005656080786138773,0.6432054042816162,937.55,54,172,-76.52367359,2095
115000,-13.526610799999997,114899,2.078636646270752,0.0001965450924118268,5.8600945472717285,1490.4,0.005599811673164368,0.6764758825302124,,,,,
116000,-27.0383862,115899,-0.8363922238349915,0.0001965450924118268,3.98956561088562,1248.2,0.005434686318039894,0.26807695627212524,,,,,
117000,-31.943723800000004,116899,0.1064368486404419,0.0001965450924118268,4.670435905456543,1281.0,0.005463809240609407,0.543942391872406,,,,,
118000,143.698979,117899,0.9627889394760132,0.0001965450924118268,4.5424580574035645,1600.0,0.005702233873307705,0.46166032552719116,,,,,
119000,58.71401920000001,118899,-1.0012366771697998,0.0001965450924118268,2.7604892253875732,1234.8,0.005895840469747782,0.5458370447158813,,,,,
119770,,119669,-0.9567130208015442,0.0001965450924118268,3.535947799682617,,0.005984167568385601,0.40526333451271057,958.9,54,176,-68.88723517000001,2186
120000,77.5608416,119899,0.1626676321029663,0.0001965450924118268,2.0514440536499023,1187.6,0.006046417634934187,0.3495495319366455,,,,,
121000,-66.1846622,120899,-1.8668757677078247,0.0001965450924118268,2.2566003799438477,472.6,0.0061052883975207806,0.3351411521434784,,,,,
122000,-39.029254,121899,1.0803300142288208,0.0001965450924118268,2.3667049407958984,1600.0,0.00636846711859107,0.37139928340911865,,,,,
123000,41.1162086,122899,-1.028329849243164,0.0001965450924118268,2.536203622817993,1600.0,0.006517905276268721,0.5255658626556396,,,,,
124000,7.375037600000001,123899,-0.2987510561943054,0.0001965450924118268,2.270537853240967,1600.0,0.006751734763383865,0.6158369779586792,,,,,
125000,239.2351306,124899,1.5838130712509155,0.0001965450924118268,1.2534685134887695,1600.0,0.006635019555687904,0.6539435982704163,,,,,
126000,224.60923940000004,125899,-0.27237585186958313,0.0001965450924118268,0.49556446075439453,1600.0,0.006849379278719425,0.5066289305686951,,,,,
126070,,125969,1.1027997732162476,0.0001965450924118268,1.2315874099731445,,0.006844648160040379,0.3561173677444458,972.8,54,180,-58.65427440000001,2305
127000,154.1337262,126899,-0.018484950065612793,0.0001965450924118268,-0.33842942118644714,1600.0,0.006695088464766741,0.28260308504104614,,,,,
128000,249.45374080000002,127899,-0.14310294389724731,0.0001965450924118268,-0.41227561235427856,1526.0,0.006947643589228392,0.35504546761512756,,,,,
129000,272.6447286,128899,-1.8310317993164062,0.0001965450924118268,-0.8233748078346252,1368.8,0.006872040219604969,0.6450878977775574,,,,,
130000,264.64222459999996,129899,0.11876583099365234,0.0001965450924118268,-1.489450216293335,1562.6,0.007159655913710594,0.3185567855834961,,,,,
130334,,130233,-1.2278368473052979,0.0001965450924118268,-2.6234426498413086,,0.007083474192768335,0.2954378128051758,1011.43,54,184,-50.80240626999999,2384
131000,123.7825184,130899,1.9801907539367676,0.0001965450924118268,-1.53782057762146,1110.0,0.007416949607431889,0.649734616279602,,,,,
132000,103.1369512,131899,-0.24298697710037231,0.0001965450924118268,-1.790897011756897,767.4,0.00751222250983119,0.739875078201294,,,,,
133000,-22.651579400000013,132899,-1.549139142036438,0.0001965450924118268,-2.7230224609375,309.8,0.007806913927197456,0.5588733553886414,,,,,
133626,,133525,2.707367420196533,0.0001965450924118268,-3.2007226943969727,,0.007923546247184277,0.5016285181045532,1019.08,54,188,-43.087073130000014,2434
134000,275.3574254,133899,-0.30472251772880554,0.0001965450924118268,-3.6108438968658447,1286.4,0.008067216724157333,0.549676775932312,,,,,
135000,207.42314420000002,134899,-1.4172067642211914,0.0001965450924118268,-3.555433988571167,1055.6,0.007898686453700066,0.449480265378952,,,,,
136000,-24.076197999999998,135899,0.5490623712539673,0.0001965450924118268,-2.4499402046203613,386.0,0.007831230759620667,0.5555872917175293,,,,,
137000,177.30760199999997,136899,2.3223729133605957,0.0001965450924118268,-3.9583611488342285,881.0,0.008212837390601635,0.6317778825759888,,,,,
138000,269.3335432,137899,-0.6991283893585205,0.0001965450924118268,-4.533876419067383,1529.2,0.008317925967276096,0.5559738278388977,,,,,
138837,,138736,0.4954776465892792,0.0001965450924118268,-5.513494491577148,,0.008117832243442535,0.5615578889846802,1035.41,54,192,-27.8493275,2526
139000,251.5202088,138899,0.6193479895591736,0.0001965450924118268,-6.244590759277344,1029.6,0.008243181742727757,0.5655373930931091,,,,,
140000,225.0561976,139899,-0.1095254123210907,0.0001965450924118268,-7.033315181732178,995.4,0.008626262657344341,0.5190030932426453,,,,,
141000,255.6782928,140899,-2.576610565185547,0.0001965450924118268,-7.426621437072754,1597.6,0.008935481309890747,0.4603995084762573,,,,,
142000,156.1891548,141899,-0.13873735070228577,0.0001965450924118268,-7.637151718139648,1249.8,0.008725465275347233,0.5975345373153687,,,,,
142183,,142082,-2.7903592586517334,0.0001965450924118268,-8.707191467285156,,0.008587523363530636,0.4947519600391388,1011.89,54,196,-18.737158749999995,2594
143000,46.69205940000001,142899,-1.1192247867584229,0.0001965450924118268,-8.983182907104492,574.8,0.008597089909017086,0.33086907863616943,,,,,
144000,241.8224482,143899,-1.9194908142089844,0.0001965450924118268,-8.095390319824219,1599.2,0.008812760934233665,0.494636207818985,,,,,
145000,48.17239099999999,144899,-0.9727802276611328,0.0001965450924118268,-9.295616149902344,552.0,0.008881038054823875,0.38117116689682007,,,,,
146000,122.05932800000001,145899,0.032649099826812744,0.0001965450924118268,-10.27560043334961,817.0,0.008798807859420776,0.5860334634780884,,,,,
146504,,146403,-2.414245128631592,0.0001965450924118268,-10.838727951049805,,0.009115302935242653,0.9876232743263245,1050.41,54,200,-6.94508038,2667
147000,78.73661999999999,146899,0.9999786615371704,0.0001965450924118268,-10.908958435058594,680.8,0.00917728990316391,0.4744034707546234,,,,,
148000,272.8639664,147899,0.9480096101760864,0.0001965450924118268,-10.81141471862793,1307.4,0.008846198208630085,0.38671737909317017,,,,,
149000,149.2797936,148899,0.9066289067268372,0.0001965450924118268,-10.38148021697998,1433.2,0.008741064928472042,0.7815238833427429,,,,,
150000,280.106318,149899,1.2969331741333008,0.0001965450924118268,-11.788379669189453,1204.8,0.008258040994405746,0.5654380321502686,,,,,
151000,280.326038,150899,-0.5615922212600708,0.0001965450924118268,-11.192733764648438,1096.0,0.008126089349389076,1.4155614376068115,,,,,
151783,,151682,-0.21247881650924683,0.0001965450924118268,-11.689657211303711,,0.008180467411875725,0.3444635272026062,1088.54,54,204,8.585824850000002,2764
152000,278.47812,151899,-1.2764718532562256,0.0001965450924118268,-12.317131042480469,1148.4,0.008141801692545414,0.44469353556632996,,,,,
153000,279.8205672,152899,0.6376394033432007,0.0001965450924118268,-11.836893081665039,1065.4,0.00837123952805996,0.6828581094741821,,,,,
154000,280.973754,153899,-0.14033910632133484,0.0001965450924118268,-13.625275611877441,1159.0,0.008467805571854115,0.39997926354408264,,,,,
155000,241.3888074,154899,0.16649557650089264,0.0001965450924118268,-13.722461700439453,1062.8,0.008528020232915878,0.3814435303211212,,,,,
156000,204.68723140000003,155899,0.4611976146697998,0.0001965450924118268,-14.943452835083008,851.2,0.008432690054178238,0.6624228954315186,,,,,
156321,,156220,1.2488304376602173,0.0001965450924118268,-14.539520263671875,,0.008627471514046192,0.3344874382019043,1069.92,54,208,22.72446366,2849
157000,204.03712860000002,156899,0.6682499647140503,0.0001965450924118268,-14.65243148803711,872.0,0.00850305613130331,0.503576397895813,,,,,
158000,281.59975619999994,157899,1.4069268703460693,0.0001965450924118268,-13.83265209197998,1055.4,0.008882977068424225,0.4864925146102905,,,,,
159000,277.91748099999995,158899,-1.036399006843567,0.0001965450924118268,-15.74842643737793,1157.2,0.009106067009270191,0.45750194787979126,,,,,
160000,131.7116444,159899,-1.166931390762329,0.0001965450924118268,-15.937053680419922,717.4,0.008761613629758358,19.36150360107422,,,,,
160754,,160653,1.2161686420440674,0.0001965450924118268,-14.084705352783203,,0.009010618552565575,0.7920182347297668,1062.61,54,212,37.536290990000005,2925
161000,135.2801802,160899,0.2682400345802307,0.0001965450924118268,-16.015300750732422,679.6,0.008976543322205544,0.3639275133609772,,,,,
162000,277.39755320000006,161899,-0.5863844156265259,0.0001965450924118268,-16.86807632446289,1098.2,0.008752037771046162,1.8083012104034424,,,,,
163000,280.351072,162899,-0.9016600847244263,0.0001965450924118268,-17.328990936279297,1124.8,0.009065636433660984,0.2317790687084198,,,,,
164000,281.727562,163899,0.18060213327407837,0.0001965450924118268,-17.38800811767578,1032.6,0.00912147294729948,2.1036696434020996,,,,,
165000,204.66662660000003,164899,0.5423486232757568,0.0001965450924118268,-17.405372619628906,886.2,0.009036391973495483,0.532001793384552,,,,,
165135,,165034,0.26728078722953796,0.0001965450924118268,-18.85356903076172,,0.009058890864253044,0.3394703269004822,1081.11,54,216,53.99710675,3006
166000,285.8965836,165899,0.90798020362854,0.0001965450924118268,-18.61345672607422,1055.6,0.009089919738471508,0.4021335542201996,,,,,
167000,210.95367059999998,166899,0.007949307560920715,0.0001965450924118268,-18.410812377929688,857.8,0.008958455175161362,0.4013461470603943,,,,,
168000,207.4333428,167899,-0.20496535301208496,0.0001965450924118268,-19.74588966369629,879.2,0.009016502648591995,0.44298577308654785,,,,,
169000,222.9568354,168899,-1.0813379287719727,0.0001965450924118268,-21.075336456298828,928.8,0.009451895020902157,0.2897167205810547,,,,,
169574,,169473,-0.1666848063468933,0.0001965450924118268,-20.233165740966797,,0.009208210743963718,0.550482988357544,1103.65,55,220,69.66307437,3082
170000,201.84105300000004,169899,-0.09542614221572876,0.0001965450924118268,-18.700672149658203,880.4,0.009164905175566673,0.47147536277770996,,,,,
171000,208.5473758,170899,-0.9488556385040283,0.0001965450924118268,-21.25288963317871,865.6,0.009183716028928757,0.2984667420387268,,,,,
172000,281.42582959999993,171899,-0.35552388429641724,0.0001965450924118268,-19.936355590820312,1082.6,0.009227119386196136,0.7394879460334778,,,,,
172029,,171928,0.9428019523620605,0.0001965450924118268,-21.538408279418945,,0.009253918193280697,0.3522265553474426,1078.34,54,224,75.87990072000001,3128
173000,228.1882178,172899,0.0636967122554779,0.0001965450924118268,-19.620994567871094,958.0,0.009445469826459885,0.739479124546051,,,,,
174000,286.3630892,173899,1.3897062540054321,0.0001965450924118268,-20.326379776000977,1110.4,0.00919599924236536,0.4879668056964874,,,,,
175000,183.19753120000001,174899,-0.15180066227912903,0.0001965450924118268,-22.730342864990234,966.6,0.009048732928931713,0.7299236059188843,,,,,
176000,232.87234819999998,175899,1.504356026649475,0.0001965450924118268,-20.83487892150879,866.0,0.008848522789776325,0.3664950728416443,,,,,
176348,,176247,0.4767422080039978,0.0001965450924118268,-22.04362678527832,,0.008886375464498997,0.3353364169597626,1058.28,55,228,88.66242964000001,3204
177000,233.7112828,176899,0.8135831952095032,0.0001965450924118268,-21.273834228515625,962.6,0.009048741310834885,2.25359845161438,,,,,
178000,58.536917,177899,-1.1797218322753906,0.0001965450924118268,-21.516490936279297,491.8,0.009166893549263477,0.5064589977264404,,,,,
179000,-23.9689734,178899,-1.5112732648849487,0.0001965450924118268,-21.06781578063965,282.0,0.009391967207193375,0.5957375764846802,,,,,
179736,,179635,-1.426713466644287,0.0001965450924118268,-22.38200569152832,,0.009483813308179379,0.46681374311447144,1069.89,55,232,100.25286624000002,3260
180000,294.6748378,179899,-0.914364218711853,0.0001965450924118268,-21.726680755615234,1039.4,0.009239641018211842,0.4085872173309326,,,,,
181000,53.41651639999999,180899,0.6690658926963806,0.0001965450924118268,-20.610759735107422,476.2,0.009218917228281498,0.3464381992816925,,,,,
182000,244.03996120000002,181899,0.31265437602996826,0.0001965450924118268,-21.585521697998047,1043.6,0.009140477515757084,1.5256664752960205,,,,,
183000,293.6005364,182899,-1.0161101818084717,0.0001965450924118268,-22.106853485107422,953.4,0.008894514292478561,2.6373257637023926,,,,,
183045,,182944,0.7530426383018494,0.0001965450924118268,-21.463239669799805,,0.008897971361875534,0.5962241888046265,1092.85,55,236,111.90848517999999,3319
184000,292.8111492,183899,-0.13607925176620483,0.0001965450924118268,-22.106895446777344,999.8,0.009175206534564495,0.3657156229019165,,,,,
185000,293.9924026,184899,-0.8526861071586609,0.0001965450924118268,-22.807682037353516,1017.0,0.008955392986536026,0.5529723167419434,,,,,
186000,97.642871,185899,0.4205808639526367,0.0001965450924118268,-22.98777198791504,556.4,0.008863146416842937,0.5074443221092224,,,,,
187000,292.73381159999997,186899,-0.21448999643325806,0.0001965450924118268,-24.095191955566406,1032.8,0.008934799581766129,0.270579069852829,,,,,
187178,,187077,-1.2346510887145996,0.0001965450924118268,-23.193984985351562,,0.009037383832037449,0.341984361410141,1094.65,55,240,125.98927014000003,3387
188000,290.4533996,187899,-0.8797541856765747,0.0001965450924118268,-23.859546661376953,1052.2,0.008952455595135689,2.3401546478271484,,,,,
189000,294.48808560000003,188899,-0.6322118639945984,0.0001965450924118268,-23.922475814819336,1025.4,0.009151446633040905,2.500351905822754,,,,,
190000,291.6944024,189899,0.543755292892456,0.0001965450924118268,-24.430870056152344,1048.2,0.009340842254459858,0.5148001313209534,,,,,
191000,294.39416719999997,190899,-1.7427127361297607,0.0001965450924118268,-25.337575912475586,1027.2,0.009344900026917458,0.4517418146133423,,,,,
191384,,191283,-0.2496078610420227,0.0001965450924118268,-25.00274658203125,,0.009182941168546677,0.20003148913383484,1115.19,55,244,142.86815081,3459
192000,254.38176479999998,191899,0.6228803992271423,0.0001965450924118268,-23.717702865600586,897.4,0.009170216508209705,0.38515549898147583,,,,,
193000,236.16535599999997,192899,-0.3828161358833313,0.0001965450924118268,-24.54035186767578,857.4,0.009429647587239742,0.28093791007995605,,,,,
194000,258.068089,193899,0.9778630137443542,0.0001965450924118268,-23.87081527709961,941.8,0.009003699757158756,0.5907604694366455,,,,,
195000,190.9549664,194899,0.38129323720932007,0.0001965450924118268,-24.988887786865234,756.2,0.00918668508529663,0.35399967432022095,,,,,
195440,,195339,-0.5688133239746094,0.0001965450924118268,-25.472858428955078,,0.00921388529241085,0.29388463497161865,1106.19,55,248,156.40357034000002,3531
196000,211.7487548,195899,0.06898695230484009,0.0001965450924118268,-27.52739715576172,822.4,0.009223001077771187,1.0789810419082642,,,,,
197000,291.5477942,196899,-0.57182776927948,0.0001965450924118268,-28.107803344726562,1064.6,0.009359353221952915,0.4856685400009155,,,,,
198000,295.70284380000004,197899,0.8257856965065002,0.0001965450924118268,-26.88201141357422,1007.2,0.009479722008109093,0.3963777720928192,,,,,
199000,148.0109176,198899,1.615013837814331,0.0001965450924118268,-26.369518280029297,747.8,0.00937636848539114,3.2157721519470215,,,,,
199543,,199442,-0.010352671146392822,0.0001965450924118268,-28.032428741455078,,0.009130654856562614,6.007594108581543,1086.37,55,252,168.84672832,3604
200000,37.9463708,199899,-0.0038649439811706543,0.0001965450924118268,-27.41307830810547,591.4,0.009103553369641304,0.3756456971168518,,,,,
201000,105.5107758,200899,-0.3863599896430969,0.0001965450924118268,-28.13544464111328,603.0,0.009291360154747963,0.3045072555541992,,,,,
202000,297.8423374,201899,1.1803350448608398,0.0001965450924118268,-26.576053619384766,1017.6,0.009088177233934402,0.4519629180431366,,,,,
203000,272.3065278,202899,-0.7300969362258911,0.0001965450924118268,-27.994752883911133,928.2,0.008592352271080017,0.3445817828178406,,,,,
203586,,203485,-1.9013211727142334,0.0001965450924118268,-29.762882232666016,,0.008413768373429775,0.22805097699165344,1081.32,55,256,183.53299303,3672
204000,266.9337476,203899,-0.04859164357185364,0.0001965450924118268,-29.012548446655273,990.4,0.008236859925091267,3.296217679977417,,,,,
205000,65.96573280000001,204899,-0.2646084427833557,0.0001965450924118268,-29.72869110107422,544.0,0.008309168741106987,0.4663313329219818,,,,,
206000,298.6946354,205899,-2.0514845848083496,0.0001965450924118268,-29.660694122314453,989.2,0.008555985987186432,0.20579500496387482,,,,,
207000,231.23056660000003,206899,1.1899594068527222,0.0001965450924118268,-30.37491226196289,798.6,0.008663026615977287,3.4491806030273438,,,,,
207435,,207334,-0.8272562623023987,0.0001965450924118268,-30.054224014282227,,0.00866615865379572,0.2823214530944824,1067.2,55,260,196.76270680000002,3735
208000,295.2122968,207899,-0.9883924126625061,0.0001965450924118268,-29.26941680908203,928.2,0.008723443374037743,0.25381383299827576,,,,,
209000,297.8013546,208899,-0.6691778898239136,0.0001965450924118268,-30.022069931030273,984.0,0.008748487569391727,3.6856439113616943,,,,,
210000,260.757271,209899,-1.0399231910705566,0.0001965450924118268,-31.235910415649414,893.0,0.008784919045865536,0.38588032126426697,,,,,
211000,298.15539720000004,210899,0.8833043575286865,0.0001965450924118268,-31.08596420288086,927.6,0.008840341120958328,0.3443240821361542,,,,,
211251,,211150,-0.7975108623504639,0.0001965450924118268,-31.502819061279297,,0.008692670613527298,0.2846524715423584,1062.55,55,264,209.69088778000003,3801
212000,301.0688036,211899,0.3453788757324219,0.0001965450924118268,-31.74135398864746,917.8,0.008623946458101273,0.2221708595752716,,,,,
213000,300.25223919999996,212899,-0.43316543102264404,0.0001965450924118268,-32.30865478515625,924.6,0.008619305677711964,0.20179679989814758,,,,,
214000,294.4074168,213899,-0.5829614400863647,0.0001965450924118268,-31.17291831970215,905.6,0.009055336937308311,0.3785771131515503,,,,,
214604,,214503,-0.9848610162734985,0.0001965450924118268,-31.449527740478516,,0.009081336669623852,3.838594436645508,1042.07,55,268,215.97752752999997,3855
215000,294.46835300000004,214899,0.13400468230247498,0.0001965450924118268,-30.112895965576172,958.4,0.009053708985447884,0.4239780306816101,,,,,
216000,296.732577,215899,0.5895171165466309,0.0001965450924118268,-30.760772705078125,904.4,0.009000278078019619,0.41188985109329224,,,,,
217000,298.76956099999995,216899,0.33701807260513306,0.0001965450924118268,-30.565601348876953,939.8,0.009090236388146877,0.297346293926239,,,,,
218000,295.49258580000003,217899,0.614285945892334,0.0001965450924118268,-30.730876922607422,918.6,0.009068182669579983,0.2746453285217285,,,,,
218097,,217996,-0.9625570178031921,0.0001965450924118268,-31.49732208251953,,0.009063635021448135,0.3157155513763428,1033.01,55,272,224.41814023999999,3917
219000,298.72061659999997,218899,-0.7719495892524719,0.0001965450924118268,-31.18154525756836,929.6,0.008860893547534943,0.2693566083908081,,,,,
220000,293.6025178,219899,-0.2035192847251892,0.0001965450924118268,-31.047548294067383,955.2,0.009062472730875015,0.27820709347724915,,,,,
221000,297.0380788,220899,0.7120012640953064,0.0001965450924118268,-32.55432891845703,969.0,0.009116046130657196,0.32013723254203796,,,,,
222000,246.3724514,221899,-0.07255634665489197,0.0001965450924118268,-31.481868743896484,943.2,0.009172367863357067,0.30329424142837524,,,,,
222056,,221955,-0.39112934470176697,0.0001965450924118268,-31.179758071899414,,0.009131542406976223,0.32805484533309937,1022.86,55,276,233.50771309,3990
223000,295.97626460000004,222899,-0.6501246690750122,0.0001965450924118268,-31.435256958007812,940.4,0.00915162917226553,0.2750285863876343,,,,,
224000,253.02257300000002,223899,-0.6028781533241272,0.0001965450924118268,-32.29440689086914,877.4,0.009156312793493271,0.3450010418891907,,,,,
225000,251.43846100000002,224899,-0.9148992300033569,0.0001965450924118268,-32.97453308105469,806.2,0.009210757911205292,0.23509123921394348,,,,,
225821,,225720,-0.1406775712966919,0.0001965450924118268,-33.62688446044922,,0.009086504578590393,0.1834738552570343,997.51,55,280,238.80259598999993,4057
226000,298.2933942,225899,-0.8647345304489136,0.0001965450924118268,-32.988651275634766,939.4,0.00894953217357397,0.3827637732028961,,,,,
227000,301.9498978,226899,-0.47950294613838196,0.0001965450924118268,-34.103919982910156,987.2,0.009050596505403519,0.35879409313201904,,,,,
228000,304.50352639999994,227899,0.938064694404602,0.0001965450924118268,-33.45469665527344,946.4,0.008872774429619312,0.2856653928756714,,,,,
229000,300.71755859999996,228899,0.7987617254257202,0.0001965450924118268,-31.59916877746582,1000.4,0.009012148715555668,0.3171454668045044,,,,,
229679,,229578,0.5285590887069702,0.0001965450924118268,-33.164493560791016,,0.008985201828181744,0.2262902855873108,993.45,55,284,246.02913011000004,4132
230000,298.5411622,229899,-0.2245749831199646,0.0001965450924118268,-32.97357177734375,940.0,0.009076312184333801,0.3187352418899536,,,,,
231000,301.18091799999996,230899,-0.7656252384185791,0.0001965450924118268,-33.722381591796875,959.6,0.009131856262683868,3.79282808303833,,,,,
232000,220.9994664,231899,0.13680493831634521,0.0001965450924118268,-33.24003601074219,768.2,0.00926102977246046,7.158679962158203,,,,,
233000,299.5484488,232899,0.6254306435585022,0.0001965450924118268,-33.05450439453125,1006.2,0.009106535464525223,0.4036155939102173,,,,,
233581,,233480,-0.8322893977165222,0.0001965450924118268,-34.13695526123047,,0.00918405782431364,3.9978740215301514,999.55,55,288,254.65374240999995,4203
234000,301.2347914,233899,-1.418103575706482,0.0001965450924118268,-34.64190673828125,960.4,0.00907872710376978,3.791128158569336,,,,,
235000,301.45024520000004,234899,1.3677473068237305,0.0001965450924118268,-32.355953216552734,980.2,0.009076614864170551,1.353779911994934,,,,,
236000,303.94888480000003,235899,0.5105844736099243,0.0001965450924118268,-34.5477409362793,955.4,0.009019293822348118,3.5079188346862793,,,,,
237000,302.4559456,236899,-1.0818123817443848,0.0001965450924118268,-33.84264373779297,936.6,0.008861984126269817,3.737180709838867,,,,,
237409,,237308,-0.3381335139274597,0.0001965450924118268,-33.76841354370117,,0.008936009369790554,0.335533082485199,985.72,55,292,255.68487667999995,4273
238000,297.8790394,237899,-1.1479864120483398,0.0001965450924118268,-33.906494140625,975.0,0.00928280409425497,0.5647245645523071,,,,,
239000,298.5267882,238899,-0.9690797924995422,0.0001965450924118268,-34.94165802001953,929.8,0.009102342650294304,0.18260270357131958,,,,,
240000,263.372711,239899,-0.20372748374938965,0.0001965450924118268,-34.97602081298828,940.2,0.00930867251008749,3.373534679412842,,,,,
241000,295.7938912,240899,0.2676237225532532,0.0001965450924118268,-33.67366027832031,937.6,0.00929788313806057,3.878571033477783,,,,,
241359,,241258,-0.5919893383979797,0.0001965450924118268,-34.07957458496094,,0.009177573956549168,3.6670114994049072,991.76,55,296,262.36867376999993,4346
242000,300.738141,241899,-0.04920727014541626,0.0001965450924118268,-34.22754669189453,961.4,0.009129579178988934,0.26156115531921387,,,,,
243000,298.53686480000005,242899,1.2860791683197021,0.0001965450924118268,-35.46160125732422,928.8,0.009532247669994831,0.5026201009750366,,,,,
244000,299.80719980000003,243899,-0.06607036292552948,0.0001965450924118268,-34.968963623046875,938.8,0.009216979146003723,0.3506374955177307,,,,,
244839,,244738,0.6637946367263794,0.0001965450924118268,-33.989830017089844,,0.008693047799170017,0.3643733859062195,983.35,55,300,265.27308518,4406
245000,300.29102220000004,244899,-0.1667746901512146,0.0001965450924118268,-32.866607666015625,923.0,0.008794491179287434,4.2748541831970215,,,,,
246000,300.50872280000004,245899,-0.7035148739814758,0.0001965450924118268,-34.60165786743164,938.6,0.00892187375575304,7.392115592956543,,,,,
247000,210.1506042,246899,0.6361005902290344,0.0001965450924118268,-34.59265899658203,792.8,0.009175079874694347,0.2892461121082306,,,,,
248000,298.3225148,247899,-0.6977196931838989,0.0001965450924118268,-35.41926193237305,953.4,0.008956806734204292,0.20146635174751282,,,,,
248712,,248611,-0.04655700922012329,0.0001965450924118268,-34.5607795715332,,0.009197653271257877,0.3753032088279724,969.29,55,304,266.40421975,4476
249000,297.9692338,248899,-0.8505115509033203,0.0001965450924118268,-35.10630416870117,913.4,0.009319158270955086,0.19774840772151947,,,,,
250000,298.3324412,249899,-1.0837194919586182,0.0001965450924118268,-35.583351135253906,965.6,0.009183588437736034,0.3041140139102936,,,,,
251000,190.69305260000002,250899,1.0763558149337769,0.0001965450924118268,-34.692710876464844,752.0,0.009322593919932842,0.3879363536834717,,,,,
252000,294.5762812,251899,0.2828505039215088,0.0001965450924118268,-34.214141845703125,943.8,0.009137357585132122,0.2405874878168106,,,,,
252604,,252503,-0.1425049901008606,0.0001965450924118268,-35.11595916748047,,0.009117893874645233,0.17392492294311523,962.83,55,308,267.1254781399999,4545
253000,297.02120160000004,252899,-0.9059475660324097,0.0001965450924118268,-35.781593322753906,925.6,0.009355480782687664,0.29560601711273193,,,,,
254000,297.960733,253899,1.1457788944244385,0.0001965450924118268,-34.983497619628906,947.2,0.009465673938393593,0.30951908230781555,,,,,
255000,298.3040256,254899,1.373412847518921,0.0001965450924118268,-34.78060531616211,935.2,0.009541265666484833,3.8961586952209473,,,,,
256000,244.27714459999999,255899,0.579322099685669,0.0001965450924118268,-33.108184814453125,848.8,0.009316639043390751,0.4481457471847534,,,,,
256463,,256362,-0.04387211799621582,0.0001965450924118268,-35.57764434814453,,0.008982827886939049,4.399799823760986,957.09,55,312,267.82291351,4613
257000,296.9090560000001,256899,-0.040144890546798706,0.0001965450924118268,-34.78456115722656,936.0,0.00907348096370697,0.337679386138916,,,,,
258000,294.5200442,257899,-1.2478049993515015,0.0001965450924118268,-35.659645080566406,1022.4,0.009175421670079231,0.1914244443178177,,,,,
259000,293.58593340000004,258899,-0.7236931324005127,0.0001965450924118268,-35.60047149658203,974.2,0.008974322117865086,0.3093443512916565,,,,,
260000,298.1189924,259899,-0.976193904876709,0.0001965450924118268,-35.829315185546875,939.2,0.009322295896708965,0.28450852632522583,,,,,
260296,,260195,-0.33872777223587036,0.0001965450924118268,-36.224544525146484,,0.009263131767511368,3.975172996520996,951.61,55,316,268.47671986,4683
261000,298.44076359999997,260899,-0.5512135028839111,0.0001965450924118268,-35.12030792236328,953.8,0.009133645333349705,0.26756101846694946,,,,,
262000,298.506225,261899,-0.09753111004829407,0.0001965450924118268,-35.585060119628906,956.6,0.00933934561908245,0.3693884611129761,,,,,
263000,294.4048796,262899,0.5076299905776978,0.0001965450924118268,-35.54246139526367,930.8,0.009172149002552032,0.3348008394241333,,,,,
264000,232.66936080000005,263899,0.8625901937484741,0.0001965450924118268,-36.109619140625,828.4,0.009257771074771881,0.296265572309494,,,,,
264146,,264045,0.7088037133216858,0.0001965450924118268,-35.890953063964844,,0.009281767532229424,0.3175927996635437,945.72,55,320,269.04481799,4751
265000,259.604522,264899,0.7817575931549072,0.0001965450924118268,-35.003536224365234,900.8,0.009011856280267239,0.3414798378944397,,,,,
266000,301.64469740000004,265899,1.1394107341766357,0.0001965450924118268,-35.16102600097656,912.8,0.009229922667145729,0.24423041939735413,,,,,
267000,295.59598059999996,266899,-0.49254104495048523,0.0001965450924118268,-35.514549255371094,983.2,0.00926879607141018,0.20969629287719727,,,,,
267607,,267506,-0.5990095138549805,0.0001965450924118268,-35.66716766357422,,0.009485730901360512,0.1960379183292389,955.78,55,324,274.67183363,4813
268000,301.428881,267899,0.8107328414916992,0.0001965450924118268,-34.9604377746582,951.6,0.009405061602592468,0.3557683229446411,,,,,
269000,299.73662260000003,268899,-0.5135281085968018,0.0001965450924118268,-36.417335510253906,959.4,0.009153623133897781,0.33521997928619385,,,,,
270000,300.08031560000006,269899,-0.8629281520843506,0.0001965450924118268,-35.690303802490234,929.2,0.009324958547949791,0.34719881415367126,,,,,
271000,294.8534341999999,270899,1.3479914665222168,0.0001965450924118268,-34.96387481689453,947.6,0.009372211061418056,0.5961827635765076,,,,,
271414,,271313,-0.020636320114135742,0.0001965450924118268,-36.995269775390625,,0.009259925223886967,0.4292657971382141,950.66,55,328,276.33673443000004,4883
272000,298.6934272,271899,-0.21629035472869873,0.0001965450924118268,-35.709251403808594,974.0,0.009286124259233475,0.33796435594558716,,,,,
273000,299.621284,272899,-0.8068231344223022,0.0001965450924118268,-36.77265930175781,970.4,0.00944529939442873,4.335349082946777,,,,,
274000,303.7851448,273899,0.1466144472360611,0.0001965450924118268,-35.518959045410156,927.2,0.008984679356217384,0.421686053276062,,,,,
275000,297.29361359999996,274899,-0.1734592318534851,0.0001965450924118268,-37.06598663330078,919.8,0.009309479966759682,7.626246452331543,,,,,
275269,,275168,0.6583400368690491,0.0001965450924118268,-37.15504455566406,,0.009349183179438114,0.2960386872291565,955.33,55,332,280.52420084,4952
276000,297.4400876,275899,-1.418975830078125,0.0001965450924118268,-37.16023254394531,983.6,0.00914977490901947,3.8265392780303955,,,,,
277000,301.01526379999996,276899,-0.06909823417663574,0.0001965450924118268,-37.064491271972656,897.6,0.009040034376084805,0.1697310209274292,,,,,
278000,299.8538686,277899,0.46404391527175903,0.0001965450924118268,-37.22674560546875,902.8,0.009104877710342407,0.231868714094162,,,,,
278991,,278890,0.22608785331249237,0.0001965450924118268,-38.43610382080078,,0.009114603511989117,3.87174916267395,959.46,55,336,284.79680463,5014
279000,302.2797356,278899,1.012302279472351,0.0001965450924118268,-36.99208068847656,895.2,0.00912125501781702,0.48245489597320557,,,,,
280000,301.3374844,279899,-0.46080008149147034,0.0001965450924118268,-38.165260314941406,951.6,0.008918211795389652,4.845049858093262,,,,,
281000,304.817181,280899,0.18630298972129822,0.0001965450924118268,-37.5644416809082,917.6,0.00903549138456583,4.086462020874023,,,,,
282000,303.4115804,281899,0.1253812611103058,0.0001965450924118268,-38.026248931884766,905.6,0.00915743038058281,0.217647522687912,,,,,
282766,,282665,-0.4477638304233551,0.0001965450924118268,-38.339569091796875,,0.009092409163713455,0.5083755254745483,955.88,55,340,285.09805554999997,5081
283000,298.7989656,282899,-1.6453661918640137,0.0001965450924118268,-38.711997985839844,915.8,0.009061816148459911,0.19483301043510437,,,,,
284000,300.9789138,283899,0.28204578161239624,0.0001965450924118268,-38.83738708496094,910.4,0.009058878757059574,0.23529359698295593,,,,,
285000,300.2703178,284899,0.13281455636024475,0.0001965450924118268,-37.99003219604492,923.6,0.008940518833696842,0.44580772519111633,,,,,
286000,301.6754458,285899,0.71120285987854,0.0001965450924118268,-38.79327392578125,907.6,0.009068373590707779,12.075309753417969,,,,,
286442,,286341,-0.19496998190879822,0.0001965450924118268,-37.66746520996094,,0.008924729190766811,0.25339052081108093,950.58,55,344,285.51974406,5147
287000,302.4270516,286899,0.9840759634971619,0.0001965450924118268,-38.75431442260742,898.4,0.008894560858607292,0.34404051303863525,,,,,
288000,302.10343040000004,287899,-1.490901231765747,0.0001965450924118268,-38.59905242919922,897.6,0.009021547622978687,0.13436728715896606,,,,,
289000,304.7062058,288899,1.466050148010254,0.0001965450924118268,-37.09168243408203,905.6,0.008736002258956432,4.592353820800781,,,,,
289673,,289572,0.012348353862762451,0.0001965450924118268,-38.834800720214844,,0.008674890734255314,4.3244428634643555,942.33,55,348,283.07220043999996,5202
290000,245.4338036,289899,-0.3471348285675049,0.0001965450924118268,-37.541866302490234,815.8,0.008792161010205746,0.5031198263168335,,,,,
291000,301.76729639999996,290899,-0.6587970852851868,0.0001965450924118268,-39.1800651550293,926.6,0.009241852909326553,4.047463417053223,,,,,
292000,305.055222,291899,-0.014082804322242737,0.0001965450924118268,-37.92763137817383,926.0,0.009249303489923477,0.2873260974884033,,,,,
293000,303.8528098,292899,-0.5104140043258667,0.0001965450924118268,-38.61969757080078,990.8,0.009247557260096073,0.2939456105232239,,,,,
293169,,293068,0.40186333656311035,0.0001965450924118268,-37.634239196777344,,0.009232567623257637,0.6234294176101685,936.26,55,352,281.66164359,5268
294000,264.2416378,293899,-0.17059385776519775,0.0001965450924118268,-38.79963684082031,842.8,0.009066717699170113,0.3001866638660431,,,,,
295000,305.1374358,294899,1.0988065004348755,0.0001965450924118268,-39.07402038574219,939.0,0.00891481526196003,1.1587040424346924,,,,,
296000,305.3159576,295899,-0.26400238275527954,0.0001965450924118268,-37.71502685546875,907.4,0.008946685120463371,0.8333832621574402,,,,,
296579,,296478,1.3161876201629639,0.0001965450924118268,-38.952003479003906,,0.009065225720405579,0.3180667757987976,929.93,55,356,279.59497082,5328
297000,189.1314922,296899,0.9839177131652832,0.0001965450924118268,-38.520347595214844,752.2,0.00921802967786789,2.0948262214660645,,,,,
298000,241.5855834,297899,2.041843891143799,0.0001965450924118268,-37.239112854003906,802.4,0.008836260996758938,4.451878547668457,,,,,
299000,305.53185640000004,298899,-1.2325831651687622,0.0001965450924118268,-38.90503692626953,892.2,0.009154151193797588,0.32003843784332275,,,,,
300000,306.30207679999995,299899,-0.09647801518440247,0.0001965450924118268,-38.703460693359375,890.4,0.009254178032279015,0.28931695222854614,,,,,
300280,,300179,-0.9665607810020447,0.0001965450924118268,-39.88700866699219,,0.00901772454380989,0.1520654708147049,928.45,55,360,279.98723665,5394
301000,308.7306664,300899,-0.3840634524822235,0.0001965450924118268,-39.34461212158203,900.6,0.009059828706085682,0.2792896032333374,,,,,
302000,309.0622808,301899,0.16047504544258118,0.0001965450924118268,-40.073551177978516,933.0,0.00917672086507082,0.32585644721984863,,,,,
303000,309.2193382,302899,2.622797966003418,0.0001965450924118268,-39.61591720581055,967.4,0.008880889043211937,0.21821066737174988,,,,,
303985,,303884,-0.2501066029071808,0.0001965450924118268,-39.711673736572266,,0.008708876557648182,0.3430976867675781,927.34,55,364,280.39957103,5456
304000,309.46779239999995,303899,-0.03847157955169678,0.0001965450924118268,-40.233306884765625,863.4,0.008703035302460194,0.24331581592559814,,,,,
305000,306.0485556,304899,0.4436947703361511,0.0001965450924118268,-39.37376403808594,896.0,0.008881380781531334,0.20303592085838318,,,,,
306000,306.68926279999994,305899,-0.37441158294677734,0.0001965450924118268,-40.120155334472656,893.6,0.008810008876025677,8.690265655517578,,,,,
306826,,306725,-1.1060563325881958,0.0001965450924118268,-39.814640045166016,,0.008880351670086384,0.3363860249519348,922.22,55,368,279.17630770999995,5506
307000,306.247248,306899,1.438253402709961,0.0001965450924118268,-39.612144470214844,884.8,0.008991021662950516,0.22793278098106384,,,,,
308000,302.8775134,307899,-0.5775390267372131,0.0001965450924118268,-40.31293869018555,887.8,0.009173146449029446,0.23644711077213287,,,,,
309000,301.7422098,308899,-0.23015645146369934,0.0001965450924118268,-41.41436767578125,926.0,0.009009863249957561,0.16501745581626892,,,,,
310000,306.07093999999995,309899,0.20785540342330933,0.0001965450924118268,-40.86064910888672,889.8,0.009142326191067696,0.29545989632606506,,,,,
310479,,310378,1.459648847579956,0.0001965450924118268,-40.11969757080078,,0.008956776931881905,0.4092276692390442,923.82,55,372,281.90922646,5574
311000,306.60805199999993,310899,-0.5304570198059082,0.0001965450924118268,-40.711090087890625,916.0,0.008996352553367615,0.42820513248443604,,,,,
312000,306.7737674,311899,-0.932820737361908,0.0001965450924118268,-41.759071350097656,887.4,0.008780316449701786,4.768071174621582,,,,,
313000,312.3710396,312899,-1.2593655586242676,0.0001965450924118268,-42.060340881347656,893.6,0.008856208994984627,0.19524148106575012,,,,,
314000,309.768372,313899,-0.20495188236236572,0.0001965450924118268,-40.97539520263672,911.2,0.00886694248765707,5.10582160949707,,,,,
314084,,313983,1.682788610458374,0.0001965450924118268,-40.38252258300781,,0.008911716751754284,0.3099574148654938,920.28,55,376,281.12638469999996,5642
315000,311.9621674,314899,0.7543797492980957,0.0001965450924118268,-41.750831604003906,925.2,0.008956383913755417,0.2817743420600891,,,,,
316000,310.0379686,315899,1.05612313747406,0.0001965450924118268,-41.772857666015625,1029.0,0.008873650804162025,4.62180757522583,,,,,
317000,311.74355920000005,316899,-0.8512199521064758,0.0001965450924118268,-42.21757507324219,916.0,0.008545082993805408,4.9215264320373535,,,,,
317811,,317710,-0.11389878392219543,0.0001965450924118268,-41.152679443359375,,0.008817863650619984,0.22548435628414154,919.9,55,380,281.489254,5710
318000,278.7723748,317899,1.037631869316101,0.0001965450924118268,-41.34440612792969,856.8,0.008864262141287327,0.9059559106826782,,,,,
319000,308.58418279999995,318899,1.2321674823760986,0.0001965450924118268,-41.68144226074219,865.4,0.009074030444025993,0.5698646306991577,,,,,
320000,312.22974800000003,319899,-0.09501710534095764,0.0001965450924118268,-41.532875061035156,891.4,0.008696294389665127,0.3956764340400696,,,,,
321000,308.28364819999996,320899,0.29698219895362854,0.0001965450924118268,-41.670372009277344,942.4,0.00875101238489151,0.24252066016197205,,,,,
321539,,321438,1.2931063175201416,0.0001965450924118268,-42.713584899902344,,0.008913339115679264,0.25734400749206543,918.6,55,384,282.94428825,5779
322000,282.419027,321899,0.07545965909957886,0.0001965450924118268,-42.23124694824219,866.2,0.009052159264683723,0.9846435189247131,,,,,
323000,20.404092,322899,0.836885929107666,0.0001965450924118268,-42.21891403198242,403.0,0.00911074411123991,0.3688927888870239,,,,,
324000,306.999048,323899,-1.379069209098816,0.0001965450924118268,-42.964744567871094,896.2,0.009127490222454071,0.13314609229564667,,,,,
325000,-27.576188399999996,324899,0.6680920124053955,0.0001965450924118268,-41.898338317871094,275.8,0.008657662197947502,0.508453369140625,,,,,
325231,,325130,0.14948895573616028,0.0001965450924118268,-42.08226013183594,,0.00844801589846611,0.33605748414993286,916.5,55,388,283.32434019000004,5842
326000,308.07219560000004,325899,0.6917526721954346,0.0001965450924118268,-42.4920654296875,916.0,0.008686629123985767,0.27762994170188904,,,,,
327000,306.874883,326899,0.2758989632129669,0.0001965450924118268,-41.93476867675781,941.6,0.008883803151547909,0.26464152336120605,,,,,
328000,283.8049754,327899,-0.8097128868103027,0.0001965450924118268,-42.73558044433594,871.4,0.009028906933963299,5.255418300628662,,,,,
328802,,328701,1.1505374908447266,0.0001965450924118268,-41.87609100341797,,0.00896882452070713,0.7858492136001587,913.93,55,392,282.04430463000006,5906
329000,308.9623362,328899,1.2569332122802734,0.0001965450924118268,-42.71794891357422,890.6,0.008977686055004597,0.576777458190918,,,,,
330000,310.92439160000004,329899,-0.6214209198951721,0.0001965450924118268,-42.291465759277344,920.8,0.008697841316461563,0.38555243611335754,,,,,
331000,311.2698266,330899,0.0018434524536132812,0.0001965450924118268,-43.283729553222656,968.6,0.008352862671017647,4.6839704513549805,,,,,
332000,309.7118442,331899,-0.4290730357170105,0.0001965450924118268,-43.74388122558594,922.8,0.00838513020426035,0.3001970648765564,,,,,
332566,,332465,-0.34015703201293945,0.0001965450924118268,-44.0836181640625,,0.008343459106981754,0.35594260692596436,912.07,55,396,282.45737864,5977
333000,90.29428759999999,332899,-0.7189967632293701,0.0001965450924118268,-43.975894927978516,515.6,0.008285864256322384,0.13288357853889465,,,,,
334000,236.85645440000002,333899,1.5060982704162598,0.0001965450924118268,-43.030887603759766,777.4,0.008381901308894157,0.6569052934646606,,,,,
335000,250.04990179999996,334899,1.0084916353225708,0.0001965450924118268,-43.15767288208008,860.8,0.008166168816387653,0.25147193670272827,,,,,
335695,,335594,-0.0760430097579956,0.0001965450924118268,-43.68328857421875,,0.008061841130256653,5.2968831062316895,908.56,55,400,280.99394225,6028
336000,306.9736844,335899,-0.021285101771354675,0.0001965450924118268,-44.712623596191406,919.8,0.008155043236911297,0.5135710835456848,,,,,
337000,132.0468844,336899,-1.2080532312393188,0.0001965450924118268,-44.38636016845703,608.8,0.008031272329390049,0.12456464767456055,,,,,
338000,306.9908248,337899,-0.5758181810379028,0.0001965450924118268,-44.37055969238281,945.0,0.008245323784649372,5.04408597946167,,,,,
339000,309.1805372,338899,0.249418243765831,0.0001965450924118268,-44.48476791381836,893.2,0.008097373880445957,0.4547417461872101,,,,,
339113,,339012,-0.8158238530158997,0.0001965450924118268,-44.56465148925781,,0.008160439319908619,0.2790534496307373,904.01,55,404,280.09039487000007,6089
340000,310.0042184,339899,-0.8402655720710754,0.0001965450924118268,-45.10884094238281,855.8,0.008055143058300018,0.21412059664726257,,,,,
341000,272.052189,340899,-0.2279449999332428,0.0001965450924118268,-45.14451599121094,826.8,0.008264611475169659,0.410109281539917,,,,,
341829,,341728,-0.35215264558792114,0.0001965450924118268,-45.50508117675781,,0.008187578059732914,0.6571972966194153,892.25,55,408,276.43867901,6132
342000,261.6839056,341899,-1.2808611392974854,0.0001965450924118268,-45.56968688964844,779.0,0.00823880359530449,0.24748243391513824,,,,,
343000,247.41036719999997,342899,-0.8375390768051147,0.0001965450924118268,-46.039859771728516,760.8,0.007980366237461567,0.20114567875862122,,,,,
344000,305.31246780000004,343899,-0.33599501848220825,0.0001965450924118268,-45.848236083984375,885.0,0.008512523956596851,0.22509662806987762,,,,,
345000,308.3849718,344899,-0.2682465612888336,0.0001965450924118268,-45.46866989135742,846.0,0.00813679862767458,0.14839807152748108,,,,,
345333,,345232,0.8364549875259399,0.0001965450924118268,-45.572044372558594,,0.008118733763694763,0.23157775402069092,888.7,55,412,276.90011119,6193
346000,244.7982222,345899,0.3815963864326477,0.0001965450924118268,-44.88152313232422,762.2,0.007982832379639149,5.345886707305908,,,,,
347000,306.046067,346899,-0.4203494191169739,0.0001965450924118268,-46.356689453125,876.4,0.008151241578161716,0.1144571527838707,,,,,
348000,307.735815,347899,0.3211477994918823,0.0001965450924118268,-45.825103759765625,846.4,0.008437065407633781,0.4263208508491516,,,,,
348849,,348748,1.032090663909912,0.0001965450924118268,-45.238807678222656,,0.008395969867706299,0.23262950778007507,885.53,55,416,276.0952871,6250
349000,309.0065118,348899,-0.8600368499755859,0.0001965450924118268,-45.95750427246094,894.0,0.008353468030691147,0.35185980796813965,,,,,
350000,310.9874678,349899,-0.4445832371711731,0.0001965450924118268,-45.61419677734375,866.0,0.008278056979179382,0.48259660601615906,,,,,
351000,307.81442400000003,350899,0.6644867062568665,0.0001965450924118268,-46.1549072265625,848.6,0.008261274546384811,0.12400342524051666,,,,,
352000,271.43248619999997,351899,0.5026407837867737,0.0001965450924118268,-46.747283935546875,839.2,0.008609906770288944,4.82488489151001,,,,,
352376,,352275,-0.10038334131240845,0.0001965450924118268,-46.43998718261719,,0.008627289906144142,0.19525760412216187,882.3,55,420,276.47536126,6313
353000,307.7716792,352899,-0.3295400142669678,0.0001965450924118268,-44.50635528564453,859.0,0.008017558604478836,1.716688871383667,,,,,
354000,229.9564896,353899,3.258175849914551,0.0001965450924118268,-45.53802490234375,732.4,0.008122839033603668,0.21884384751319885,,,,,
355000,309.7541928,354899,-0.5208694338798523,0.0001965450924118268,-47.122398376464844,865.0,0.008007945492863655,5.005969524383545,,,,,
355967,,355866,-0.46124884486198425,0.0001965450924118268,-46.974754333496094,,0.008374341763556004,5.24407958984375,883.6,55,424,279.41274992,6372
356000,265.5973816,355899,-0.537367582321167,0.0001965450924118268,-47.1902961730957,853.6,0.008354929275810719,0.17554761469364166,,,,,
357000,310.9712166,356899,-0.539070725440979,0.0001965450924118268,-47.2125358581543,930.0,0.007804070133715868,0.21044054627418518,,,,,
358000,309.8137772,357899,0.7664352655410767,0.0001965450924118268,-46.897037506103516,850.8,0.007425073999911547,0.3632687032222748,,,,,
359000,312.25083779999994,358899,-1.023580551147461,0.0001965450924118268,-47.476139068603516,875.8,0.007705287076532841,5.3326263427734375,,,,,
359683,,359582,-1.803758144378662,0.0001965450924118268,-48.195953369140625,,0.007666665595024824,4.756198883056641,882.69,55,428,279.78196989,6437
360000,226.7138926,359899,-0.8300571441650391,0.0001965450924118268,-47.71861267089844,713.0,0.007569390814751387,0.08373057842254639,,,,,
361000,308.3915472,360899,-0.718745231628418,0.0001965450924118268,-47.25862121582031,860.6,0.0076976194977760315,10.730966567993164,,,,,
362000,308.589516,361899,-1.6307708024978638,0.0001965450924118268,-47.91072082519531,901.4,0.007644846569746733,0.2717461884021759,,,,,
363000,305.17285159999994,362899,-0.6459547281265259,0.0001965450924118268,-46.92717742919922,942.0,0.007364868186414242,0.1589706689119339,,,,,
363300,,363199,1.1997846364974976,0.0001965450924118268,-46.158416748046875,,0.0076178270392119884,0.20905517041683197,880.31,55,432,280.18477664000005,6503
364000,308.6721289999999,363899,1.685418725013733,0.0001965450924118268,-46.177574157714844,868.2,0.00789253506809473,0.23673498630523682,,,,,
365000,306.6641502,364899,0.08474013209342957,0.0001965450924118268,-47.297401428222656,863.4,0.0075645665638148785,0.49323052167892456,,,,,
366000,312.13702580000006,365899,-1.1515271663665771,0.0001965450924118268,-47.54936981201172,850.2,0.007558015640825033,0.11212939023971558,,,,,
366811,,366710,2.3559083938598633,0.0001965450924118268,-46.93046569824219,,0.007436032872647047,0.2681458592414856,878.2,55,436,280.58014191999996,6560
367000,311.29979960000003,366899,0.7626305818557739,0.0001965450924118268,-46.6137809753418,905.8,0.007482546381652355,5.108368873596191,,,,,
368000,310.37336220000003,367899,0.41026782989501953,0.0001965450924118268,-47.983070373535156,875.2,0.007583382539451122,0.14279299974441528,,,,,
369000,270.33610799999997,368899,-0.2249862402677536,0.0001965450924118268,-48.19793701171875,797.4,0.0074300640262663364,0.157277911901474,,,,,
370000,308.663724,369899,-0.35320138931274414,0.0001965450924118268,-47.85251235961914,863.8,0.00788789615035057,0.22206240892410278,,,,,
370328,,370227,-0.8583923578262329,0.0001965450924118268,-48.80198287963867,,0.007880385033786297,0.1253628432750702,875.62,55,440,280.95626201999994,6621
371000,312.4312566,370899,-0.5652127265930176,0.0001965450924118268,-48.07166290283203,859.8,0.007416450884193182,0.19286619126796722,,,,,
372000,253.17059279999998,371899,1.272278070449829,0.0001965450924118268,-48.7132682800293,791.4,0.007480306085199118,0.17713722586631775,,,,,
373000,309.4875466,372899,0.7641298174858093,0.0001965450924118268,-49.42182922363281,858.6,0.007219578139483929,0.050176508724689484,,,,,
373845,,373744,-1.3960444927215576,0.0001965450924118268,-48.941871643066406,,0.007481440436094999,0.09677371382713318,874.03,55,444,281.29417284000004,6678
374000,309.41668300000003,373899,-0.37001001834869385,0.0001965450924118268,-48.17240905761719,937.2,0.007444554939866066,5.253316879272461,,,,,
375000,305.54089780000004,374899,-1.2953753471374512,0.0001965450924118268,-49.125335693359375,902.2,0.007520666811615229,0.0809115543961525,,,,,
376000,307.67854480000005,375899,-0.3768036365509033,0.0001965450924118268,-49.30397033691406,882.6,0.007648091297596693,5.1109209060668945,,,,,
376803,,376702,0.09859225153923035,0.0001965450924118268,-49.996864318847656,,0.0077895852737128735,0.11559389531612396,871.3,55,448,281.32229254,6729
377000,312.0142654,376899,-0.07018107175827026,0.0001965450924118268,-48.99976348876953,886.6,0.007902838289737701,5.493561744689941,,,,,
378000,311.4336698,377899,0.20370301604270935,0.0001965450924118268,-49.09117126464844,861.0,0.007650516927242279,5.864165306091309,,,,,
379000,308.6644042,378899,0.5929085612297058,0.0001965450924118268,-50.33208465576172,877.0,0.007759094703942537,0.13634514808654785,,,,,
380000,311.3391108,379899,-1.0888261795043945,0.0001965450924118268,-50.017173767089844,853.0,0.007471853401511908,0.11855901777744293,,,,,
380330,,380229,-0.5458678603172302,0.0001965450924118268,-49.66209030151367,,0.007625572383403778,5.339576721191406,871.61,55,452,283.38149748,6791
381000,312.22349379999997,380899,1.3666725158691406,0.0001965450924118268,-49.87873458862305,872.8,0.007606865372508764,0.29749059677124023,,,,,
382000,307.9014604,381899,0.3874726891517639,0.0001965450924118268,-50.72171401977539,849.2,0.007392107043415308,0.08444100618362427,,,,,
383000,312.5576666,382899,0.15392863750457764,0.0001965450924118268,-50.33924102783203,860.8,0.00784493237733841,0.4258560538291931,,,,,
383868,,383767,-0.03407768905162811,0.0001965450924118268,-49.972896575927734,,0.007697964087128639,5.605088233947754,872.89,56,456,286.02483313000005,6851
384000,308.55799260000003,383899,-0.5248842239379883,0.0001965450924118268,-50.42375183105469,872.0,0.007843208499252796,5.4578962326049805,,,,,
385000,311.19273499999997,384899,-0.056924983859062195,0.0001965450924118268,-50.46208190917969,873.2,0.007547419983893633,0.066844642162323,,,,,
386000,311.73488860000003,385899,0.07861948013305664,0.0001965450924118268,-50.41847229003906,931.2,0.00792224332690239,0.1798568069934845,,,,,
387000,311.6278922,386899,1.3159949779510498,0.0001965450924118268,-50.680992126464844,921.4,0.007866624742746353,5.566159248352051,,,,,
387486,,387385,-0.8051288723945618,0.0001965450924118268,-51.026611328125,,0.007615953683853149,0.09662839025259018,872.06,56,460,286.17198789,6918
388000,78.4016846,387899,0.8797222971916199,0.0001965450924118268,-50.9831428527832,687.8,0.0073709674179553986,5.798310279846191,,,,,
389000,271.60640019999994,388899,-0.08812034130096436,0.0001965450924118268,-51.124542236328125,867.2,0.007288320455700159,5.667130947113037,,,,,
390000,248.3050288,389899,1.2936025857925415,0.0001965450924118268,-50.75608825683594,1017.4,0.007825007662177086,0.23259586095809937,,,,,
390444,,390343,-0.4203428030014038,0.0001965450924118268,-51.68309020996094,,0.007735872641205788,5.695964813232422,864.59,56,464,282.77053182000003,6972
391000,194.5346266,390899,0.27626150846481323,0.0001965450924118268,-51.45537567138672,690.6,0.0075530074536800385,0.204097718000412,,,,,
392000,255.3378826,391899,-1.1544573307037354,0.0001965450924118268,-51.098052978515625,778.8,0.007315963972359896,0.22240348160266876,,,,,
393000,307.9959946,392899,-0.27334585785865784,0.0001965450924118268,-51.542396545410156,861.6,0.0071603176183998585,0.18268261849880219,,,,,
393953,,393852,0.32802778482437134,0.0001965450924118268,-51.626712799072266,,0.007442809175699949,16.32990264892578,871.27,56,468,287.07163343999997,7030
394000,308.2959994,393899,1.1784738302230835,0.0001965450924118268,-51.29839324951172,848.8,0.007461727596819401,5.524881839752197,,,,,
395000,310.52057179999997,394899,-0.4569892883300781,0.0001965450924118268,-51.44155502319336,881.2,0.007261346559971571,0.177692711353302,,,,,
396000,272.4039258,395899,-0.5684816837310791,0.0001965450924118268,-51.79979705810547,840.8,0.0074103460647165775,0.11531564593315125,,,,,
396876,,396775,1.503711223602295,0.0001965450924118268,-51.22930908203125,,0.007112870458513498,0.47530949115753174,863.97,56,472,282.90660500999996,7080
397000,308.2599688,396899,-0.011975541710853577,0.0001965450924118268,-51.291046142578125,1094.2,0.0071356650441884995,0.2858470678329468,,,,,
398000,311.48617679999995,397899,-0.764098584651947,0.0001965450924118268,-52.89482879638672,854.0,0.007560974918305874,5.370265483856201,,,,,
399000,298.39991399999997,398899,0.7116299271583557,0.0001965450924118268,-52.20114517211914,877.6,0.007988357916474342,0.14617794752120972,,,,,
400000,304.0585334,399899,-0.7084958553314209,0.0001965450924118268,-51.8707275390625,916.6,0.007667367346584797,0.3133252263069153,,,,,
400334,,400233,0.2611284554004669,0.0001965450924118268,-52.145870208740234,,0.007606952451169491,0.24743270874023438,862.5,56,476,284.20854715999997,7144
401000,311.3715314,400899,-1.3509418964385986,0.0001965450924118268,-52.39055633544922,860.8,0.0076567684300243855,0.2678377032279968,,,,,
402000,308.3348574,401899,1.5194185972213745,0.0001965450924118268,-51.993858337402344,844.0,0.007537191733717918,0.5861763954162598,,,,,
403000,306.55316519999997,402899,1.1975387334823608,0.0001965450924118268,-51.143375396728516,850.4,0.007581531535834074,5.888030529022217,,,,,
403035,,402934,-0.20650257170200348,0.0001965450924118268,-51.95164489746094,,0.0075913057662546635,0.11632207036018372,852.24,56,480,280.35082407,7191
404000,308.2223696,403899,-0.7870647311210632,0.0001965450924118268,-52.053009033203125,905.2,0.007322326302528381,0.12983953952789307,,,,,
405000,314.6125326,404899,-0.8579039573669434,0.0001965450924118268,-51.1911735534668,831.0,0.007269332185387611,0.4691070318222046,,,,,
406000,313.5310184,405899,-0.11134637892246246,0.0001965450924118268,-52.107688903808594,866.8,0.007434455212205648,1.0393071174621582,,,,,
406493,,406392,-0.7450171113014221,0.0001965450924118268,-52.73780059814453,,0.007380297873169184,0.07139818370342255,849.54,56,484,280.48291879,7249
407000,316.2928682,406899,-0.5549160838127136,0.0001965450924118268,-51.65326690673828,825.0,0.0073343124240636826,0.1391884982585907,,,,,
408000,308.4697522,407899,-1.4999374151229858,0.0001965450924118268,-52.74591827392578,868.4,0.007535481359809637,0.14875249564647675,,,,,
409000,312.966877,408899,0.7110021114349365,0.0001965450924118268,-52.42364501953125,840.8,0.007595723029226065,0.21033047139644623,,,,,
409907,,409806,-0.8773319721221924,0.0001965450924118268,-52.062896728515625,,0.0075624315068125725,5.778012275695801,846.76,56,488,279.32061580000004,7305
410000,316.0758718,409899,1.0980862379074097,0.0001965450924118268,-52.8681640625,860.2,0.007619807962328196,5.594602108001709,,,,,
411000,231.7251442,410899,-0.6968640685081482,0.0001965450924118268,-52.7755241394043,683.0,0.0072288308292627335,0.11499051749706268,,,,,
412000,307.22790380000004,411899,0.841820240020752,0.0001965450924118268,-52.42003631591797,840.8,0.007544520311057568,0.22505201399326324,,,,,
413000,312.7078694,412899,0.7680016756057739,0.0001965450924118268,-52.74626159667969,812.4,0.00786446500569582,11.719751358032227,,,,,
413384,,413283,0.07298827171325684,0.0001965450924118268,-52.238739013671875,,0.007779938168823719,6.124053001403809,845.82,56,492,281.09840396000004,7367
414000,315.7200776,413899,-0.8305895924568176,0.0001965450924118268,-53.280269622802734,839.8,0.007436153944581747,5.9275031089782715,,,,,
415000,316.0824314,414899,-1.2279343605041504,0.0001965450924118268,-52.71134948730469,850.2,0.007372679188847542,5.742772102355957,,,,,
416000,313.3572736,415899,1.413619041442871,0.0001965450924118268,-52.26533126831055,847.2,0.007457904051989317,5.566990852355957,,,,,
416885,,416784,-0.06870824098587036,0.0001965450924118268,-52.47161102294922,,0.007277950644493103,0.18672066926956177,843.19,56,496,281.24096778,7424
417000,316.243707,416899,-0.05801529437303543,0.0001965450924118268,-52.83954620361328,848.8,0.007289321627467871,0.09362290799617767,,,,,
418000,313.0857376,417899,-0.29847896099090576,0.0001965450924118268,-52.941429138183594,846.2,0.007071837782859802,0.1300716996192932,,,,,
419000,310.796657,418899,0.408641517162323,0.0001965450924118268,-53.18439483642578,828.2,0.007302823942154646,6.00023889541626,,,,,
420000,315.31793419999997,419899,0.6675856709480286,0.0001965450924118268,-52.944580078125,845.6,0.007538468111306429,6.067526817321777,,,,,
420016,,419915,-0.33739712834358215,0.0001965450924118268,-53.116329193115234,,0.007542613428086042,0.19909939169883728,843.21,56,500,283.09460830999996,7482
421000,313.9539582,420899,-0.6119502186775208,0.0001965450924118268,-52.48378372192383,825.4,0.007767116650938988,11.731220245361328,,,,,
422000,313.52948640000005,421899,-0.9542312622070312,0.0001965450924118268,-53.426658630371094,850.4,0.0072432709857821465,11.734375,,,,,
423000,313.112191,422899,-0.6108980774879456,0.0001965450924118268,-53.910919189453125,842.4,0.007369150873273611,0.0938166081905365,,,,,
423461,,423360,-0.7889516353607178,0.0001965450924118268,-53.13880157470703,,0.007361940108239651,0.11565446853637695,843.48,56,504,284.57956246,7536
424000,317.063736,423899,-1.4497110843658447,0.0001965450924118268,-53.932472229003906,835.2,0.007008484564721584,0.10962817072868347,,,,,
425000,315.3226184,424899,0.5794728994369507,0.0001965450924118268,-54.31626892089844,862.6,0.007084264419972897,5.5425004959106445,,,,,
426000,311.69045859999994,425899,-1.6145793199539185,0.0001965450924118268,-53.13312911987305,841.0,0.007276232820004225,0.26588279008865356,,,,,
427000,315.294285,426899,-0.7567072510719299,0.0001965450924118268,-53.78759765625,840.6,0.007042380049824715,0.09391018748283386,,,,,
427635,,427534,0.10378248989582062,0.0001965450924118268,-54.066184997558594,,0.0071659269742667675,6.1911702156066895,858.06,56,508,286.62731603,7604
428000,312.1250654,427899,-0.9803577065467834,0.0001965450924118268,-54.07975387573242,844.6,0.007096872664988041,6.098357200622559,,,,,
429000,316.3042278,428899,0.4250543713569641,0.0001965450924118268,-53.72875213623047,829.4,0.007241568062454462,0.13990989327430725,,,,,
430000,317.07799439999997,429899,1.8158921003341675,0.0001965450924118268,-54.18320846557617,804.0,0.007323908153921366,0.11730638891458511,,,,,
431000,315.950982,430899,-1.818727970123291,0.0001965450924118268,-53.96448516845703,822.8,0.007051943335682154,5.910778999328613,,,,,
431031,,430930,-0.4908846616744995,0.0001965450924118268,-54.541683197021484,,0.006977380719035864,0.07288594543933868,856.98,56,512,286.82034233999997,7672
432000,314.89514859999997,431899,0.5452474355697632,0.0001965450924118268,-54.629974365234375,796.8,0.006819290108978748,0.0724392980337143,,,,,
433000,312.93945659999997,432899,-0.93634432554245,0.0001965450924118268,-53.40725326538086,852.2,0.007321261800825596,0.17353662848472595,,,,,
434000,317.751645,433899,0.02723623812198639,0.0001965450924118268,-54.465877532958984,831.6,0.007095952518284321,6.24506139755249,,,,,
434452,,434351,0.3197108507156372,0.0001965450924118268,-53.57262420654297,,0.007027807645499706,6.200927734375,856.03,56,516,288.22930013000007,7734
435000,318.945038,434899,0.49274206161499023,0.0001965450924118268,-54.28639221191406,817.8,0.007089340593665838,5.876389026641846,,,,,
436000,315.506886,435899,0.6885948181152344,0.0001965450924118268,-54.35938262939453,842.8,0.0072539751417934895,0.08958601951599121,,,,,
437000,314.1422742,436899,-0.14784206449985504,0.0001965450924118268,-54.475223541259766,826.0,0.007445638068020344,0.21142041683197021,,,,,
437730,,437629,0.34820979833602905,0.0001965450924118268,-55.10443115234375,,0.007500382140278816,0.15332773327827454,853.54,56,520,286.97570625000003,7791
438000,312.4787038,437899,-0.4663838744163513,0.0001965450924118268,-54.815399169921875,836.2,0.007364443503320217,6.259601593017578,,,,,
439000,316.0491872,438899,-0.01629573106765747,0.0001965450924118268,-54.28523635864258,835.0,0.007101039402186871,6.354948043823242,,,,,
440000,315.37487799999997,439899,0.8964661955833435,0.0001965450924118268,-54.05387878417969,830.2,0.007123310584574938,0.4496665894985199,,,,,
441000,317.6205592,440899,0.5580811500549316,0.0001965450924118268,-54.188446044921875,818.8,0.007224305998533964,0.17677834630012512,,,,,
441122,,441021,0.5874408483505249,0.0001965450924118268,-54.20481872558594,,0.007181664928793907,0.21515947580337524,851.55,56,524,287.21295286,7858
442000,315.578553,441899,-1.9349913597106934,0.0001965450924118268,-54.767799377441406,862.6,0.007108164019882679,0.11535507440567017,,,,,
443000,317.0639848,442899,-1.2475261688232422,0.0001965450924118268,-54.02154541015625,846.6,0.007334395777434111,0.5149528980255127,,,,,
444000,317.421297,443899,0.7239106297492981,0.0001965450924118268,-55.164913177490234,860.2,0.00742114894092083,6.359180450439453,,,,,
444537,,444436,-1.0277119874954224,0.0001965450924118268,-54.63459777832031,,0.007555763237178326,5.9448747634887695,848.54,56,528,287.53639857,7922
445000,313.92686080000004,444899,0.6091821789741516,0.0001965450924118268,-54.438018798828125,853.4,0.007284620776772499,0.14120325446128845,,,,,
446000,315.93234300000006,445899,1.7291802167892456,0.0001965450924118268,-55.07147216796875,831.4,0.007393196690827608,0.17019757628440857,,,,,
447000,233.9201798,446899,-2.2383439540863037,0.0001965450924118268,-55.52442932128906,683.4,0.007203086279332638,18.950075149536133,,,,,
447915,,447814,-0.5788503885269165,0.0001965450924118268,-55.11475372314453,,0.007004635874181986,0.0775030180811882,846.15,56,532,287.79802082,7984
448000,320.82257560000005,447899,0.23268315196037292,0.0001965450924118268,-55.46489715576172,815.2,0.006990232039242983,5.954893112182617,,,,,
449000,318.17323980000003,448899,0.6555338501930237,0.0001965450924118268,-55.14932632446289,840.8,0.007337099872529507,0.2673718333244324,,,,,
450000,314.8816648,449899,0.925570011138916,0.0001965450924118268,-55.28260040283203,828.2,0.007542764768004417,0.08162857592105865,,,,,
451000,313.6750514,450899,0.2369486689567566,0.0001965450924118268,-55.39138412475586,806.2,0.007357942406088114,0.34042826294898987,,,,,
451295,,451194,-0.6825449466705322,0.0001965450924118268,-55.421234130859375,,0.00733164744451642,0.12937280535697937,844.84,56,536,288.05148735,8053
452000,306.7163574,451899,0.6022899746894836,0.0001965450924118268,-55.42972946166992,902.4,0.00737192016094923,0.24544213712215424,,,,,
453000,321.2833438,452899,-1.0081536769866943,0.0001965450924118268,-55.073448181152344,816.4,0.007203811313956976,0.11812207847833633,,,,,
454000,309.843528,453899,0.5732216835021973,0.0001965450924118268,-55.73262023925781,853.2,0.0077301571145653725,6.360476493835449,,,,,
454664,,454563,-0.14400339126586914,0.0001965450924118268,-55.49903106689453,,0.007519340142607689,0.07058979570865631,843.36,56,540,288.36099347,8115
455000,261.8841112,454899,-1.1192543506622314,0.0001965450924118268,-55.547637939453125,708.6,0.007341632153838873,5.886131763458252,,,,,
456000,313.9454996,455899,2.7122292518615723,0.0001965450924118268,-55.99008560180664,897.4,0.006994916591793299,0.26200243830680847,,,,,
457000,319.142684,456899,1.3084650039672852,0.0001965450924118268,-55.06069564819336,846.0,0.0070806541480124,7.041196823120117,,,,,
458000,150.666732,457899,-0.3171957731246948,0.0001965450924118268,-55.646305084228516,525.8,0.007262097671627998,0.20397016406059265,,,,,
458105,,458004,0.3878403306007385,0.0001965450924118268,-55.77043151855469,,0.0072906846180558205,0.095757856965065,842.6,56,544,288.55052079,8176
459000,8.613481399999992,458899,1.615627408027649,0.0001965450924118268,-54.90543746948242,1498.8,0.0074900249019265175,12.095396041870117,,,,,
460000,-145.0513918,459899,-0.15765398740768433,0.0001965450924118268,-55.28677749633789,1600.0,0.007453758269548416,0.21767957508563995,,,,,
461000,67.5329008,460899,-0.3603610098361969,0.0001965450924118268,-54.89223098754883,400.4,0.0075843483209609985,6.788842678070068,,,,,
462000,-103.0599702,461899,0.08067788183689117,0.0001965450924118268,-55.230438232421875,59.4,0.007614040281623602,6.563518524169922,,,,,
462403,,462302,0.00012859702110290527,0.0001965450924118268,-55.89226531982422,,0.007493596989661455,0.12512806057929993,856.0,56,548,287.31772282000003,8247
463000,-100.04713079999999,462899,-0.3130248486995697,0.0001965450924118268,-55.843414306640625,65.6,0.007408724166452885,0.12331975996494293,,,,,
464000,-98.0724156,463899,0.2671528160572052,0.0001965450924118268,-55.819034576416016,63.0,0.007306460756808519,12.546523094177246,,,,,
465000,318.7013354,464899,-0.11709778010845184,0.0001965450924118268,-55.52350616455078,840.8,0.007431882433593273,6.321249008178711,,,,,
465898,,465797,-0.2483808994293213,0.0001965450924118268,-55.95143127441406,,0.007588830776512623,0.17850160598754883,855.68,56,552,287.52606278999997,8296
466000,318.0140144,465899,-0.30311572551727295,0.0001965450924118268,-56.51074981689453,828.6,0.007533081341534853,0.10267972946166992,,,,,
467000,318.0036404,466899,-1.2580928802490234,0.0001965450924118268,-56.430015563964844,829.8,0.007462595589458942,0.510443925857544,,,,,
468000,311.1169618,467899,0.2682831585407257,0.0001965450924118268,-56.07359313964844,879.4,0.007405336946249008,0.11962690204381943,,,,,
469000,313.4015394,468899,0.2542906105518341,0.0001965450924118268,-56.615074157714844,822.0,0.007557053118944168,0.05802919715642929,,,,,
469302,,469201,-0.42435774207115173,0.0001965450924118268,-56.24737548828125,,0.007624615915119648,0.08529064059257507,854.34,56,556,287.69233163999996,8353
470000,315.21769340000003,469899,-0.09346441924571991,0.0001965450924118268,-56.38079833984375,858.0,0.007857152260839939,0.08003272861242294,,,,,
471000,319.3988342,470899,1.0076767206192017,0.0001965450924118268,-56.24091720581055,819.8,0.007553263567388058,6.278382778167725,,,,,
472000,316.3315242,471899,0.8221879005432129,0.0001965450924118268,-56.438751220703125,851.2,0.007872850634157658,19.513216018676758,,,,,
472782,,472681,-2.3841655254364014,0.0001965450924118268,-56.61908721923828,,0.007612148299813271,0.08233916759490967,852.96,56,560,287.90027825,8407
473000,314.13097819999996,472899,-1.4406752586364746,0.0001965450924118268,-56.55773162841797,861.0,0.007526607718318701,6.443145751953125,,,,,
474000,233.22197779999996,473899,0.5429648160934448,0.0001965450924118268,-56.197242736816406,750.2,0.007257604971528053,6.206596374511719,,,,,
475000,315.52269680000006,474899,-0.8750044703483582,0.0001965450924118268,-57.0267448425293,843.8,0.007261273916810751,0.0929706022143364,,,,,
476000,320.8981508,475899,1.1452674865722656,0.0001965450924118268,-56.479007720947266,838.6,0.007309174630790949,0.07209126651287079,,,,,
476253,,476152,1.0133183002471924,0.0001965450924118268,-56.25074768066406,,0.007374908309429884,0.09420637786388397,858.09,56,564,291.59760876,8466
477000,254.034786,476899,0.08568370342254639,0.0001965450924118268,-56.172889709472656,778.0,0.007285301573574543,0.11450561881065369,,,,,
478000,316.491265,477899,-1.2109960317611694,0.0001965450924118268,-56.10850143432617,855.8,0.007280577905476093,6.653860569000244,,,,,
479000,315.0266874,478899,0.3601734936237335,0.0001965450924118268,-56.77489471435547,839.6,0.007156945765018463,6.8275980949401855,,,,,
479793,,479692,0.1904374659061432,0.0001965450924118268,-56.84877014160156,,0.0070325410924851894,0.08271394670009613,858.4,56,568,291.69601736,8521
480000,230.5032636,479899,0.7318830490112305,0.0001965450924118268,-56.07642364501953,748.8,0.007096355315297842,0.10156196355819702,,,,,
481000,308.715554,480899,1.007625699043274,0.0001965450924118268,-56.11357116699219,850.6,0.006904942914843559,0.13796815276145935,,,,,
482000,317.06910780000004,481899,-1.0164786577224731,0.0001965450924118268,-56.40454864501953,868.0,0.007325497455894947,0.06804797053337097,,,,,
483000,311.54029660000003,482899,-0.5488927364349365,0.0001965450924118268,-56.432151794433594,872.0,0.007089817430824041,0.17634263634681702,,,,,
483286,,483185,0.5194551944732666,0.0001965450924118268,-56.861000061035156,,0.006957012694329023,0.07073861360549927,864.1,56,572,296.19255444000004,8578
484000,311.379454,483899,-0.3053796887397766,0.0001965450924118268,-56.51683807373047,871.0,0.006750720553100109,6.521299362182617,,,,,
485000,232.5630892,484899,-0.7520042061805725,0.0001965450924118268,-56.80314636230469,700.6,0.007047075778245926,0.13697850704193115,,,,,
486000,314.113659,485899,-0.5951184034347534,0.0001965450924118268,-57.05897521972656,856.2,0.007074778433889151,0.13451622426509857,,,,,
486777,,486676,-0.43524396419525146,0.0001965450924118268,-56.738319396972656,,0.007257591001689434,0.1307007223367691,864.43,56,576,296.29426730999995,8632
487000,313.57370660000004,486899,-0.28018420934677124,0.0001965450924118268,-56.901737213134766,841.2,0.007145835552364588,6.48699951171875,,,,,
488000,319.851966,487899,0.4864998757839203,0.0001965450924118268,-56.335662841796875,825.6,0.007062210235744715,6.10869026184082,,,,,
489000,312.5581062,488899,1.0617196559906006,0.0001965450924118268,-56.696292877197266,873.2,0.00720190117135644,6.737975597381592,,,,,
490000,318.593378,489899,-0.8420161604881287,0.0001965450924118268,-56.345237731933594,852.6,0.00785082671791315,0.18858012557029724,,,,,
490232,,490131,0.24884344637393951,0.0001965450924118268,-56.29294204711914,,0.007830622605979443,12.799943923950195,871.97,56,580,298.97965553,8689
491000,317.0742882,490899,-0.7466245889663696,0.0001965450924118268,-56.83052444458008,842.6,0.00775713799521327,0.07234601676464081,,,,,
492000,310.26118239999994,491899,0.3224363327026367,0.0001965450924118268,-56.86228942871094,870.8,0.007410427555441856,0.05833453685045242,,,,,
493000,317.4731968,492899,-0.9738343358039856,0.0001965450924118268,-56.59675979614258,876.2,0.007597103249281645,0.08860786259174347,,,,,
493701,,493600,1.2969788312911987,0.0001965450924118268,-56.729644775390625,,0.007366108242422342,0.1990833282470703,872.08,56,584,299.09963945,8743
494000,315.1366702,493899,1.880810260772705,0.0001965450924118268,-56.37244415283203,849.6,0.007471255026757717,0.37346717715263367,,,,,
495000,151.530991,494899,0.8688910007476807,0.0001965450924118268,-56.66510772705078,559.0,0.0074212937615811825,0.10973558574914932,,,,,
496000,282.5584382,495899,0.8342939019203186,0.0001965450924118268,-56.962223052978516,864.4,0.007572763133794069,0.06550493091344833,,,,,
497000,318.1667724,496899,-0.8263599872589111,0.0001965450924118268,-57.059776306152344,818.2,0.007422440219670534,0.06754451990127563,,,,,
497179,,497078,1.4490734338760376,0.0001965450924118268,-56.68212127685547,,0.007383265532553196,19.390377044677734,872.72,56,588,300.47898629,8804
498000,316.8013196,497899,0.8869556188583374,0.0001965450924118268,-56.50681686401367,837.0,0.007469826843589544,6.706470012664795,,,,,
499000,312.74632379999997,498899,-1.4731864929199219,0.0001965450924118268,-56.90155792236328,844.2,0.007703409530222416,12.82086181640625,,,,,
500000,317.0799532,499899,0.6367498636245728,0.0001965450924118268,-56.38948059082031,886.8,0.007929272018373013,0.22622111439704895,,,,,
